tax_year,category,income_percentile,value
2001,Number of Returns,Total,119370886
2002,Number of Returns,Total,119850561
2003,Number of Returns,Total,120758947
2004,Number of Returns,Total,122509974
2005,Number of Returns,Total,124673055
2006,Number of Returns,Total,128441165
2007,Number of Returns,Total,132654911
2008,Number of Returns,Total,132891770
2009,Number of Returns,Total,132619936
2010,Number of Returns,Total,135033492
2011,Number of Returns,Total,136585712
2012,Number of Returns,Total,136080353
2013,Number of Returns,Total,138313155
2014,Number of Returns,Total,139562034
2015,Number of Returns,Total,141204625
2016,Number of Returns,Total,140888785
2017,Number of Returns,Total,143295160
2018,Number of Returns,Total,144317866
2019,Number of Returns,Total,148245929
2020,Number of Returns,Total,157494242
2021,Number of Returns,Total,153589907
2001,Number of Returns,Top 0.001 percent,1194
2002,Number of Returns,Top 0.001 percent,1199
2003,Number of Returns,Top 0.001 percent,1208
2004,Number of Returns,Top 0.001 percent,1225
2005,Number of Returns,Top 0.001 percent,1247
2006,Number of Returns,Top 0.001 percent,1284
2007,Number of Returns,Top 0.001 percent,1327
2008,Number of Returns,Top 0.001 percent,1329
2009,Number of Returns,Top 0.001 percent,1326
2010,Number of Returns,Top 0.001 percent,1350
2011,Number of Returns,Top 0.001 percent,1366
2012,Number of Returns,Top 0.001 percent,1361
2013,Number of Returns,Top 0.001 percent,1383
2014,Number of Returns,Top 0.001 percent,1396
2015,Number of Returns,Top 0.001 percent,1412
2016,Number of Returns,Top 0.001 percent,1409
2017,Number of Returns,Top 0.001 percent,1433
2018,Number of Returns,Top 0.001 percent,1443
2019,Number of Returns,Top 0.001 percent,1482
2020,Number of Returns,Top 0.001 percent,1575
2021,Number of Returns,Top 0.001 percent,1536
2001,Number of Returns,Top 0.01 percent,11937
2002,Number of Returns,Top 0.01 percent,11985
2003,Number of Returns,Top 0.01 percent,12076
2004,Number of Returns,Top 0.01 percent,12251
2005,Number of Returns,Top 0.01 percent,12467
2006,Number of Returns,Top 0.01 percent,12844
2007,Number of Returns,Top 0.01 percent,13265
2008,Number of Returns,Top 0.01 percent,13289
2009,Number of Returns,Top 0.01 percent,13262
2010,Number of Returns,Top 0.01 percent,13503
2011,Number of Returns,Top 0.01 percent,13659
2012,Number of Returns,Top 0.01 percent,13608
2013,Number of Returns,Top 0.01 percent,13831
2014,Number of Returns,Top 0.01 percent,13956
2015,Number of Returns,Top 0.01 percent,14120
2016,Number of Returns,Top 0.01 percent,14089
2017,Number of Returns,Top 0.01 percent,14330
2018,Number of Returns,Top 0.01 percent,14432
2019,Number of Returns,Top 0.01 percent,14825
2020,Number of Returns,Top 0.01 percent,15749
2021,Number of Returns,Top 0.01 percent,15359
2001,Number of Returns,Top 0.1 percent,119371
2002,Number of Returns,Top 0.1 percent,119851
2003,Number of Returns,Top 0.1 percent,120759
2004,Number of Returns,Top 0.1 percent,122510
2005,Number of Returns,Top 0.1 percent,124673
2006,Number of Returns,Top 0.1 percent,128441
2007,Number of Returns,Top 0.1 percent,132654
2008,Number of Returns,Top 0.1 percent,132892
2009,Number of Returns,Top 0.1 percent,132620
2010,Number of Returns,Top 0.1 percent,135033
2011,Number of Returns,Top 0.1 percent,136586
2012,Number of Returns,Top 0.1 percent,136080
2013,Number of Returns,Top 0.1 percent,138313
2014,Number of Returns,Top 0.1 percent,139562
2015,Number of Returns,Top 0.1 percent,141205
2016,Number of Returns,Top 0.1 percent,140889
2017,Number of Returns,Top 0.1 percent,143295
2018,Number of Returns,Top 0.1 percent,144318
2019,Number of Returns,Top 0.1 percent,148246
2020,Number of Returns,Top 0.1 percent,157494
2021,Number of Returns,Top 0.1 percent,153590
2001,Number of Returns,Top 1 percent,1193709
2002,Number of Returns,Top 1 percent,1198506
2003,Number of Returns,Top 1 percent,1207589
2004,Number of Returns,Top 1 percent,1225100
2005,Number of Returns,Top 1 percent,1246731
2006,Number of Returns,Top 1 percent,1284412
2007,Number of Returns,Top 1 percent,1326549
2008,Number of Returns,Top 1 percent,1328918
2009,Number of Returns,Top 1 percent,1326199
2010,Number of Returns,Top 1 percent,1350335
2011,Number of Returns,Top 1 percent,1365857
2012,Number of Returns,Top 1 percent,1360804
2013,Number of Returns,Top 1 percent,1383132
2014,Number of Returns,Top 1 percent,1395620
2015,Number of Returns,Top 1 percent,1412046
2016,Number of Returns,Top 1 percent,1408888
2017,Number of Returns,Top 1 percent,1432952
2018,Number of Returns,Top 1 percent,1443179
2019,Number of Returns,Top 1 percent,1482459
2020,Number of Returns,Top 1 percent,1574942
2021,Number of Returns,Top 1 percent,1535899
2001,Number of Returns,Top 2 percent,2387418
2002,Number of Returns,Top 2 percent,2397011
2003,Number of Returns,Top 2 percent,2415179
2004,Number of Returns,Top 2 percent,2450199
2005,Number of Returns,Top 2 percent,2493461
2006,Number of Returns,Top 2 percent,2568823
2007,Number of Returns,Top 2 percent,2653098
2008,Number of Returns,Top 2 percent,2657835
2009,Number of Returns,Top 2 percent,2652399
2010,Number of Returns,Top 2 percent,2700670
2011,Number of Returns,Top 2 percent,2731714
2012,Number of Returns,Top 2 percent,2721607
2013,Number of Returns,Top 2 percent,2766263
2014,Number of Returns,Top 2 percent,2791241
2015,Number of Returns,Top 2 percent,2824093
2016,Number of Returns,Top 2 percent,2817776
2017,Number of Returns,Top 2 percent,2865903
2018,Number of Returns,Top 2 percent,2886357
2019,Number of Returns,Top 2 percent,2964919
2020,Number of Returns,Top 2 percent,3149885
2021,Number of Returns,Top 2 percent,3071798
2001,Number of Returns,Top 3 percent,3581127
2002,Number of Returns,Top 3 percent,3595517
2003,Number of Returns,Top 3 percent,3622768
2004,Number of Returns,Top 3 percent,3675299
2005,Number of Returns,Top 3 percent,3740192
2006,Number of Returns,Top 3 percent,3853235
2007,Number of Returns,Top 3 percent,3979647
2008,Number of Returns,Top 3 percent,3986753
2009,Number of Returns,Top 3 percent,3978598
2010,Number of Returns,Top 3 percent,4051005
2011,Number of Returns,Top 3 percent,4097571
2012,Number of Returns,Top 3 percent,4082411
2013,Number of Returns,Top 3 percent,4149395
2014,Number of Returns,Top 3 percent,4186861
2015,Number of Returns,Top 3 percent,4236139
2016,Number of Returns,Top 3 percent,4226664
2017,Number of Returns,Top 3 percent,4298855
2018,Number of Returns,Top 3 percent,4329536
2019,Number of Returns,Top 3 percent,4447378
2020,Number of Returns,Top 3 percent,4724827
2021,Number of Returns,Top 3 percent,4607697
2001,Number of Returns,Top 4 percent,4774835
2002,Number of Returns,Top 4 percent,4794022
2003,Number of Returns,Top 4 percent,4830358
2004,Number of Returns,Top 4 percent,4900399
2005,Number of Returns,Top 4 percent,4986922
2006,Number of Returns,Top 4 percent,5137647
2007,Number of Returns,Top 4 percent,5306196
2008,Number of Returns,Top 4 percent,5315671
2009,Number of Returns,Top 4 percent,5304797
2010,Number of Returns,Top 4 percent,5401340
2011,Number of Returns,Top 4 percent,5463428
2012,Number of Returns,Top 4 percent,5443214
2013,Number of Returns,Top 4 percent,5532526
2014,Number of Returns,Top 4 percent,5582481
2015,Number of Returns,Top 4 percent,5648185
2016,Number of Returns,Top 4 percent,5635551
2017,Number of Returns,Top 4 percent,5731806
2018,Number of Returns,Top 4 percent,5772715
2019,Number of Returns,Top 4 percent,5929837
2020,Number of Returns,Top 4 percent,6299770
2021,Number of Returns,Top 4 percent,6143596
2001,Number of Returns,Top 5 percent,5968544
2002,Number of Returns,Top 5 percent,5992528
2003,Number of Returns,Top 5 percent,6037947
2004,Number of Returns,Top 5 percent,6125499
2005,Number of Returns,Top 5 percent,6233653
2006,Number of Returns,Top 5 percent,6422058
2007,Number of Returns,Top 5 percent,6632746
2008,Number of Returns,Top 5 percent,6644589
2009,Number of Returns,Top 5 percent,6630997
2010,Number of Returns,Top 5 percent,6751675
2011,Number of Returns,Top 5 percent,6829286
2012,Number of Returns,Top 5 percent,6804018
2013,Number of Returns,Top 5 percent,6915658
2014,Number of Returns,Top 5 percent,6978102
2015,Number of Returns,Top 5 percent,7060231
2016,Number of Returns,Top 5 percent,7044439
2017,Number of Returns,Top 5 percent,7164758
2018,Number of Returns,Top 5 percent,7215893
2019,Number of Returns,Top 5 percent,7412296
2020,Number of Returns,Top 5 percent,7874712
2021,Number of Returns,Top 5 percent,7679495
2001,Number of Returns,Top 10 percent,11937089
2002,Number of Returns,Top 10 percent,11985056
2003,Number of Returns,Top 10 percent,12075895
2004,Number of Returns,Top 10 percent,12250997
2005,Number of Returns,Top 10 percent,12467306
2006,Number of Returns,Top 10 percent,12844117
2007,Number of Returns,Top 10 percent,13265491
2008,Number of Returns,Top 10 percent,13289177
2009,Number of Returns,Top 10 percent,13261994
2010,Number of Returns,Top 10 percent,13503349
2011,Number of Returns,Top 10 percent,13658571
2012,Number of Returns,Top 10 percent,13608035
2013,Number of Returns,Top 10 percent,13831316
2014,Number of Returns,Top 10 percent,13956203
2015,Number of Returns,Top 10 percent,14120463
2016,Number of Returns,Top 10 percent,14088879
2017,Number of Returns,Top 10 percent,14329516
2018,Number of Returns,Top 10 percent,14431787
2019,Number of Returns,Top 10 percent,14824593
2020,Number of Returns,Top 10 percent,15749424
2021,Number of Returns,Top 10 percent,15358991
2001,Number of Returns,Top 20 percent,23874177
2002,Number of Returns,Top 20 percent,23970112
2003,Number of Returns,Top 20 percent,24151789
2004,Number of Returns,Top 20 percent,24501995
2005,Number of Returns,Top 20 percent,24934611
2006,Number of Returns,Top 20 percent,25688233
2007,Number of Returns,Top 20 percent,26530982
2008,Number of Returns,Top 20 percent,26578354
2009,Number of Returns,Top 20 percent,26523987
2010,Number of Returns,Top 20 percent,27006698
2011,Number of Returns,Top 20 percent,27317142
2012,Number of Returns,Top 20 percent,27216071
2013,Number of Returns,Top 20 percent,27662631
2014,Number of Returns,Top 20 percent,27912407
2015,Number of Returns,Top 20 percent,28240925
2016,Number of Returns,Top 20 percent,28177757
2017,Number of Returns,Top 20 percent,28659032
2018,Number of Returns,Top 20 percent,28863573
2019,Number of Returns,Top 20 percent,29649186
2020,Number of Returns,Top 20 percent,31498848
2021,Number of Returns,Top 20 percent,30717981
2001,Number of Returns,Top 25 percent,29842722
2002,Number of Returns,Top 25 percent,29962640
2003,Number of Returns,Top 25 percent,30189737
2004,Number of Returns,Top 25 percent,30627494
2005,Number of Returns,Top 25 percent,31168264
2006,Number of Returns,Top 25 percent,32110291
2007,Number of Returns,Top 25 percent,33163728
2008,Number of Returns,Top 25 percent,33222943
2009,Number of Returns,Top 25 percent,33154984
2010,Number of Returns,Top 25 percent,33758373
2011,Number of Returns,Top 25 percent,34146428
2012,Number of Returns,Top 25 percent,34020088
2013,Number of Returns,Top 25 percent,34578289
2014,Number of Returns,Top 25 percent,34890509
2015,Number of Returns,Top 25 percent,35301156
2016,Number of Returns,Top 25 percent,35222196
2017,Number of Returns,Top 25 percent,35823790
2018,Number of Returns,Top 25 percent,36079467
2019,Number of Returns,Top 25 percent,37061482
2020,Number of Returns,Top 25 percent,39373561
2021,Number of Returns,Top 25 percent,38397477
2001,Number of Returns,Top 30 percent,35811266
2002,Number of Returns,Top 30 percent,35955168
2003,Number of Returns,Top 30 percent,36227684
2004,Number of Returns,Top 30 percent,36752992
2005,Number of Returns,Top 30 percent,37401917
2006,Number of Returns,Top 30 percent,38532350
2007,Number of Returns,Top 30 percent,39796473
2008,Number of Returns,Top 30 percent,39867531
2009,Number of Returns,Top 30 percent,39785981
2010,Number of Returns,Top 30 percent,40510048
2011,Number of Returns,Top 30 percent,40975714
2012,Number of Returns,Top 30 percent,40824106
2013,Number of Returns,Top 30 percent,41493947
2014,Number of Returns,Top 30 percent,41868610
2015,Number of Returns,Top 30 percent,42361388
2016,Number of Returns,Top 30 percent,42266636
2017,Number of Returns,Top 30 percent,42988548
2018,Number of Returns,Top 30 percent,43295360
2019,Number of Returns,Top 30 percent,44473779
2020,Number of Returns,Top 30 percent,47248273
2021,Number of Returns,Top 30 percent,46076972
2001,Number of Returns,Top 40 percent,47748354
2002,Number of Returns,Top 40 percent,47940224
2003,Number of Returns,Top 40 percent,48303579
2004,Number of Returns,Top 40 percent,49003990
2005,Number of Returns,Top 40 percent,49869222
2006,Number of Returns,Top 40 percent,51376466
2007,Number of Returns,Top 40 percent,53061964
2008,Number of Returns,Top 40 percent,53156708
2009,Number of Returns,Top 40 percent,53047974
2010,Number of Returns,Top 40 percent,54013397
2011,Number of Returns,Top 40 percent,54634285
2012,Number of Returns,Top 40 percent,54432141
2013,Number of Returns,Top 40 percent,55325262
2014,Number of Returns,Top 40 percent,55824814
2015,Number of Returns,Top 40 percent,56481850
2016,Number of Returns,Top 40 percent,56355514
2017,Number of Returns,Top 40 percent,57318064
2018,Number of Returns,Top 40 percent,57727146
2019,Number of Returns,Top 40 percent,59298372
2020,Number of Returns,Top 40 percent,62997697
2021,Number of Returns,Top 40 percent,61435963
2001,Number of Returns,Top 50 percent,59685443
2002,Number of Returns,Top 50 percent,59925281
2003,Number of Returns,Top 50 percent,60379474
2004,Number of Returns,Top 50 percent,61254987
2005,Number of Returns,Top 50 percent,62336528
2006,Number of Returns,Top 50 percent,64220583
2007,Number of Returns,Top 50 percent,66327456
2008,Number of Returns,Top 50 percent,66445885
2009,Number of Returns,Top 50 percent,66309968
2010,Number of Returns,Top 50 percent,67516746
2011,Number of Returns,Top 50 percent,68292856
2012,Number of Returns,Top 50 percent,68040177
2013,Number of Returns,Top 50 percent,69156578
2014,Number of Returns,Top 50 percent,69781017
2015,Number of Returns,Top 50 percent,70602313
2016,Number of Returns,Top 50 percent,70444393
2017,Number of Returns,Top 50 percent,71647580
2018,Number of Returns,Top 50 percent,72158933
2019,Number of Returns,Top 50 percent,74122965
2020,Number of Returns,Top 50 percent,78747121
2021,Number of Returns,Top 50 percent,76794954
2001,Adjusted Gross Income (in millions),Total,6116274
2002,Adjusted Gross Income (in millions),Total,5982260
2003,Adjusted Gross Income (in millions),Total,6156994
2004,Adjusted Gross Income (in millions),Total,6734554
2005,Adjusted Gross Income (in millions),Total,7365689
2006,Adjusted Gross Income (in millions),Total,7969813
2007,Adjusted Gross Income (in millions),Total,8621963
2008,Adjusted Gross Income (in millions),Total,8206158
2009,Adjusted Gross Income (in millions),Total,7578641
2010,Adjusted Gross Income (in millions),Total,8039779
2011,Adjusted Gross Income (in millions),Total,8317188
2012,Adjusted Gross Income (in millions),Total,9041744
2013,Adjusted Gross Income (in millions),Total,9033840
2014,Adjusted Gross Income (in millions),Total,9708663
2015,Adjusted Gross Income (in millions),Total,10142620
2016,Adjusted Gross Income (in millions),Total,10156612
2017,Adjusted Gross Income (in millions),Total,10936500
2018,Adjusted Gross Income (in millions),Total,11563883
2019,Adjusted Gross Income (in millions),Total,11882850
2020,Adjusted Gross Income (in millions),Total,12533102
2021,Adjusted Gross Income (in millions),Total,14722246
2001,Adjusted Gross Income (in millions),Top 0.001 percent,84705
2002,Adjusted Gross Income (in millions),Top 0.001 percent,68565
2003,Adjusted Gross Income (in millions),Top 0.001 percent,83238
2004,Adjusted Gross Income (in millions),Top 0.001 percent,111932
2005,Adjusted Gross Income (in millions),Top 0.001 percent,143370
2006,Adjusted Gross Income (in millions),Top 0.001 percent,170567
2007,Adjusted Gross Income (in millions),Top 0.001 percent,219494
2008,Adjusted Gross Income (in millions),Top 0.001 percent,173257
2009,Adjusted Gross Income (in millions),Top 0.001 percent,126242
2010,Adjusted Gross Income (in millions),Top 0.001 percent,166727
2011,Adjusted Gross Income (in millions),Top 0.001 percent,144984
2012,Adjusted Gross Income (in millions),Top 0.001 percent,219067
2013,Adjusted Gross Income (in millions),Top 0.001 percent,168992
2014,Adjusted Gross Income (in millions),Top 0.001 percent,207145
2015,Adjusted Gross Income (in millions),Top 0.001 percent,214647
2016,Adjusted Gross Income (in millions),Top 0.001 percent,204934
2017,Adjusted Gross Income (in millions),Top 0.001 percent,256250
2018,Adjusted Gross Income (in millions),Top 0.001 percent,241954
2019,Adjusted Gross Income (in millions),Top 0.001 percent,214487
2020,Adjusted Gross Income (in millions),Top 0.001 percent,298180
2021,Adjusted Gross Income (in millions),Top 0.001 percent,442772
2001,Adjusted Gross Income (in millions),Top 0.01 percent,216684
2002,Adjusted Gross Income (in millions),Top 0.01 percent,179420
2003,Adjusted Gross Income (in millions),Top 0.01 percent,206010
2004,Adjusted Gross Income (in millions),Top 0.01 percent,280449
2005,Adjusted Gross Income (in millions),Top 0.01 percent,362581
2006,Adjusted Gross Income (in millions),Top 0.01 percent,418573
2007,Adjusted Gross Income (in millions),Top 0.01 percent,503678
2008,Adjusted Gross Income (in millions),Top 0.01 percent,397957
2009,Adjusted Gross Income (in millions),Top 0.01 percent,281687
2010,Adjusted Gross Income (in millions),Top 0.01 percent,366563
2011,Adjusted Gross Income (in millions),Top 0.01 percent,342338
2012,Adjusted Gross Income (in millions),Top 0.01 percent,501374
2013,Adjusted Gross Income (in millions),Top 0.01 percent,384881
2014,Adjusted Gross Income (in millions),Top 0.01 percent,475714
2015,Adjusted Gross Income (in millions),Top 0.01 percent,495201
2016,Adjusted Gross Income (in millions),Top 0.01 percent,460894
2017,Adjusted Gross Income (in millions),Top 0.01 percent,565453
2018,Adjusted Gross Income (in millions),Top 0.01 percent,570189
2019,Adjusted Gross Income (in millions),Top 0.01 percent,522449
2020,Adjusted Gross Income (in millions),Top 0.01 percent,693109
2021,Adjusted Gross Income (in millions),Top 0.01 percent,1043040
2001,Adjusted Gross Income (in millions),Top 0.1 percent,492437
2002,Adjusted Gross Income (in millions),Top 0.1 percent,420987
2003,Adjusted Gross Income (in millions),Top 0.1 percent,465594
2004,Adjusted Gross Income (in millions),Top 0.1 percent,615494
2005,Adjusted Gross Income (in millions),Top 0.1 percent,783762
2006,Adjusted Gross Income (in millions),Top 0.1 percent,895044
2007,Adjusted Gross Income (in millions),Top 0.1 percent,1030091
2008,Adjusted Gross Income (in millions),Top 0.1 percent,825898
2009,Adjusted Gross Income (in millions),Top 0.1 percent,601504
2010,Adjusted Gross Income (in millions),Top 0.1 percent,742989
2011,Adjusted Gross Income (in millions),Top 0.1 percent,737251
2012,Adjusted Gross Income (in millions),Top 0.1 percent,1017057
2013,Adjusted Gross Income (in millions),Top 0.1 percent,815662
2014,Adjusted Gross Income (in millions),Top 0.1 percent,986078
2015,Adjusted Gross Income (in millions),Top 0.1 percent,1033473
2016,Adjusted Gross Income (in millions),Top 0.1 percent,966465
2017,Adjusted Gross Income (in millions),Top 0.1 percent,1150471
2018,Adjusted Gross Income (in millions),Top 0.1 percent,1196670
2019,Adjusted Gross Income (in millions),Top 0.1 percent,1140517
2020,Adjusted Gross Income (in millions),Top 0.1 percent,1419047
2021,Adjusted Gross Income (in millions),Top 0.1 percent,2105765
2001,Adjusted Gross Income (in millions),Top 1 percent,1064928
2002,Adjusted Gross Income (in millions),Top 1 percent,960352
2003,Adjusted Gross Income (in millions),Top 1 percent,1030178
2004,Adjusted Gross Income (in millions),Top 1 percent,1278879
2005,Adjusted Gross Income (in millions),Top 1 percent,1560659
2006,Adjusted Gross Income (in millions),Top 1 percent,1761119
2007,Adjusted Gross Income (in millions),Top 1 percent,1971021
2008,Adjusted Gross Income (in millions),Top 1 percent,1656771
2009,Adjusted Gross Income (in millions),Top 1 percent,1304627
2010,Adjusted Gross Income (in millions),Top 1 percent,1517146
2011,Adjusted Gross Income (in millions),Top 1 percent,1555701
2012,Adjusted Gross Income (in millions),Top 1 percent,1976738
2013,Adjusted Gross Income (in millions),Top 1 percent,1719794
2014,Adjusted Gross Income (in millions),Top 1 percent,1997819
2015,Adjusted Gross Income (in millions),Top 1 percent,2094906
2016,Adjusted Gross Income (in millions),Top 1 percent,2003066
2017,Adjusted Gross Income (in millions),Top 1 percent,2301449
2018,Adjusted Gross Income (in millions),Top 1 percent,2420025
2019,Adjusted Gross Income (in millions),Top 1 percent,2393383
2020,Adjusted Gross Income (in millions),Top 1 percent,2780754
2021,Adjusted Gross Income (in millions),Top 1 percent,3872395
2001,Adjusted Gross Income (in millions),Top 2 percent,1360872
2002,Adjusted Gross Income (in millions),Top 2 percent,1247308
2003,Adjusted Gross Income (in millions),Top 2 percent,1327075
2004,Adjusted Gross Income (in millions),Top 2 percent,1610803
2005,Adjusted Gross Income (in millions),Top 2 percent,1932055
2006,Adjusted Gross Income (in millions),Top 2 percent,2166188
2007,Adjusted Gross Income (in millions),Top 2 percent,2411916
2008,Adjusted Gross Income (in millions),Top 2 percent,2072196
2009,Adjusted Gross Income (in millions),Top 2 percent,1684139
2010,Adjusted Gross Income (in millions),Top 2 percent,1922058
2011,Adjusted Gross Income (in millions),Top 2 percent,1984960
2012,Adjusted Gross Income (in millions),Top 2 percent,2446464
2013,Adjusted Gross Income (in millions),Top 2 percent,2195723
2014,Adjusted Gross Income (in millions),Top 2 percent,2514973
2015,Adjusted Gross Income (in millions),Top 2 percent,2636987
2016,Adjusted Gross Income (in millions),Top 2 percent,2544904
2017,Adjusted Gross Income (in millions),Top 2 percent,2889391
2018,Adjusted Gross Income (in millions),Top 2 percent,3044552
2019,Adjusted Gross Income (in millions),Top 2 percent,3042810
2020,Adjusted Gross Income (in millions),Top 2 percent,3474592
2021,Adjusted Gross Income (in millions),Top 2 percent,4696443
2001,Adjusted Gross Income (in millions),Top 3 percent,1582562
2002,Adjusted Gross Income (in millions),Top 3 percent,1463587
2003,Adjusted Gross Income (in millions),Top 3 percent,1549825
2004,Adjusted Gross Income (in millions),Top 3 percent,1855778
2005,Adjusted Gross Income (in millions),Top 3 percent,2202354
2006,Adjusted Gross Income (in millions),Top 3 percent,2460559
2007,Adjusted Gross Income (in millions),Top 3 percent,2729468
2008,Adjusted Gross Income (in millions),Top 3 percent,2380698
2009,Adjusted Gross Income (in millions),Top 3 percent,1973637
2010,Adjusted Gross Income (in millions),Top 3 percent,2228360
2011,Adjusted Gross Income (in millions),Top 3 percent,2306674
2012,Adjusted Gross Income (in millions),Top 3 percent,2791205
2013,Adjusted Gross Income (in millions),Top 3 percent,2550046
2014,Adjusted Gross Income (in millions),Top 3 percent,2895712
2015,Adjusted Gross Income (in millions),Top 3 percent,3034889
2016,Adjusted Gross Income (in millions),Top 3 percent,2946100
2017,Adjusted Gross Income (in millions),Top 3 percent,3321003
2018,Adjusted Gross Income (in millions),Top 3 percent,3503876
2019,Adjusted Gross Income (in millions),Top 3 percent,3523664
2020,Adjusted Gross Income (in millions),Top 3 percent,3985645
2021,Adjusted Gross Income (in millions),Top 3 percent,5288349
2001,Adjusted Gross Income (in millions),Top 4 percent,1768355
2002,Adjusted Gross Income (in millions),Top 4 percent,1647849
2003,Adjusted Gross Income (in millions),Top 4 percent,1738945
2004,Adjusted Gross Income (in millions),Top 4 percent,2061398
2005,Adjusted Gross Income (in millions),Top 4 percent,2426492
2006,Adjusted Gross Income (in millions),Top 4 percent,2704549
2007,Adjusted Gross Income (in millions),Top 4 percent,2992467
2008,Adjusted Gross Income (in millions),Top 4 percent,2639100
2009,Adjusted Gross Income (in millions),Top 4 percent,2219853
2010,Adjusted Gross Income (in millions),Top 4 percent,2486918
2011,Adjusted Gross Income (in millions),Top 4 percent,2578137
2012,Adjusted Gross Income (in millions),Top 4 percent,3078337
2013,Adjusted Gross Income (in millions),Top 4 percent,2847179
2014,Adjusted Gross Income (in millions),Top 4 percent,3212471
2015,Adjusted Gross Income (in millions),Top 4 percent,3366920
2016,Adjusted Gross Income (in millions),Top 4 percent,3280595
2017,Adjusted Gross Income (in millions),Top 4 percent,3680328
2018,Adjusted Gross Income (in millions),Top 4 percent,3884856
2019,Adjusted Gross Income (in millions),Top 4 percent,3921774
2020,Adjusted Gross Income (in millions),Top 4 percent,4407989
2021,Adjusted Gross Income (in millions),Top 4 percent,5768825
2001,Adjusted Gross Income (in millions),Top 5 percent,1933563
2002,Adjusted Gross Income (in millions),Top 5 percent,1812094
2003,Adjusted Gross Income (in millions),Top 5 percent,1907837
2004,Adjusted Gross Income (in millions),Top 5 percent,2243098
2005,Adjusted Gross Income (in millions),Top 5 percent,2623077
2006,Adjusted Gross Income (in millions),Top 5 percent,2918422
2007,Adjusted Gross Income (in millions),Top 5 percent,3223396
2008,Adjusted Gross Income (in millions),Top 5 percent,2867730
2009,Adjusted Gross Income (in millions),Top 5 percent,2439146
2010,Adjusted Gross Income (in millions),Top 5 percent,2716199
2011,Adjusted Gross Income (in millions),Top 5 percent,2818879
2012,Adjusted Gross Income (in millions),Top 5 percent,3330944
2013,Adjusted Gross Income (in millions),Top 5 percent,3109388
2014,Adjusted Gross Income (in millions),Top 5 percent,3490867
2015,Adjusted Gross Income (in millions),Top 5 percent,3658556
2016,Adjusted Gross Income (in millions),Top 5 percent,3574828
2017,Adjusted Gross Income (in millions),Top 5 percent,3995037
2018,Adjusted Gross Income (in millions),Top 5 percent,4217996
2019,Adjusted Gross Income (in millions),Top 5 percent,4269727
2020,Adjusted Gross Income (in millions),Top 5 percent,4775995
2021,Adjusted Gross Income (in millions),Top 5 percent,6182180
2001,Adjusted Gross Income (in millions),Top 10 percent,2599650
2002,Adjusted Gross Income (in millions),Top 10 percent,2472326
2003,Adjusted Gross Income (in millions),Top 10 percent,2586777
2004,Adjusted Gross Income (in millions),Top 10 percent,2968169
2005,Adjusted Gross Income (in millions),Top 10 percent,3400596
2006,Adjusted Gross Income (in millions),Top 10 percent,3759733
2007,Adjusted Gross Income (in millions),Top 10 percent,4128240
2008,Adjusted Gross Income (in millions),Top 10 percent,3772889
2009,Adjusted Gross Income (in millions),Top 10 percent,3317402
2010,Adjusted Gross Income (in millions),Top 10 percent,3631364
2011,Adjusted Gross Income (in millions),Top 10 percent,3774978
2012,Adjusted Gross Income (in millions),Top 10 percent,4327899
2013,Adjusted Gross Income (in millions),Top 10 percent,4143498
2014,Adjusted Gross Income (in millions),Top 10 percent,4583416
2015,Adjusted Gross Income (in millions),Top 10 percent,4803327
2016,Adjusted Gross Income (in millions),Top 10 percent,4729405
2017,Adjusted Gross Income (in millions),Top 10 percent,5220949
2018,Adjusted Gross Income (in millions),Top 10 percent,5511117
2019,Adjusted Gross Income (in millions),Top 10 percent,5621027
2020,Adjusted Gross Income (in millions),Top 10 percent,6198022
2021,Adjusted Gross Income (in millions),Top 10 percent,7745525
2001,Adjusted Gross Income (in millions),Top 20 percent,3555692
2002,Adjusted Gross Income (in millions),Top 20 percent,3431568
2003,Adjusted Gross Income (in millions),Top 20 percent,3572674
2004,Adjusted Gross Income (in millions),Top 20 percent,4010897
2005,Adjusted Gross Income (in millions),Top 20 percent,4506197
2006,Adjusted Gross Income (in millions),Top 20 percent,4947104
2007,Adjusted Gross Income (in millions),Top 20 percent,5401825
2008,Adjusted Gross Income (in millions),Top 20 percent,5055298
2009,Adjusted Gross Income (in millions),Top 20 percent,4570256
2010,Adjusted Gross Income (in millions),Top 20 percent,4927262
2011,Adjusted Gross Income (in millions),Top 20 percent,5120188
2012,Adjusted Gross Income (in millions),Top 20 percent,5722980
2013,Adjusted Gross Income (in millions),Top 20 percent,5591750
2014,Adjusted Gross Income (in millions),Top 20 percent,6104146
2015,Adjusted Gross Income (in millions),Top 20 percent,6389094
2016,Adjusted Gross Income (in millions),Top 20 percent,6333469
2017,Adjusted Gross Income (in millions),Top 20 percent,6913130
2018,Adjusted Gross Income (in millions),Top 20 percent,7289834
2019,Adjusted Gross Income (in millions),Top 20 percent,7472188
2020,Adjusted Gross Income (in millions),Top 20 percent,8130111
2021,Adjusted Gross Income (in millions),Top 20 percent,9828343
2001,Adjusted Gross Income (in millions),Top 25 percent,3933186
2002,Adjusted Gross Income (in millions),Top 25 percent,3811534
2003,Adjusted Gross Income (in millions),Top 25 percent,3961657
2004,Adjusted Gross Income (in millions),Top 25 percent,4423150
2005,Adjusted Gross Income (in millions),Top 25 percent,4940249
2006,Adjusted Gross Income (in millions),Top 25 percent,5412038
2007,Adjusted Gross Income (in millions),Top 25 percent,5898437
2008,Adjusted Gross Income (in millions),Top 25 percent,5554583
2009,Adjusted Gross Income (in millions),Top 25 percent,5057761
2010,Adjusted Gross Income (in millions),Top 25 percent,5430952
2011,Adjusted Gross Income (in millions),Top 25 percent,5640585
2012,Adjusted Gross Income (in millions),Top 25 percent,6261677
2013,Adjusted Gross Income (in millions),Top 25 percent,6151678
2014,Adjusted Gross Income (in millions),Top 25 percent,6690287
2015,Adjusted Gross Income (in millions),Top 25 percent,6997737
2016,Adjusted Gross Income (in millions),Top 25 percent,6950051
2017,Adjusted Gross Income (in millions),Top 25 percent,7561368
2018,Adjusted Gross Income (in millions),Top 25 percent,7969121
2019,Adjusted Gross Income (in millions),Top 25 percent,8177266
2020,Adjusted Gross Income (in millions),Top 25 percent,8862578
2021,Adjusted Gross Income (in millions),Top 25 percent,10613602
2001,Adjusted Gross Income (in millions),Top 30 percent,4263535
2002,Adjusted Gross Income (in millions),Top 30 percent,4143048
2003,Adjusted Gross Income (in millions),Top 30 percent,4300174
2004,Adjusted Gross Income (in millions),Top 30 percent,4782507
2005,Adjusted Gross Income (in millions),Top 30 percent,5317903
2006,Adjusted Gross Income (in millions),Top 30 percent,5815385
2007,Adjusted Gross Income (in millions),Top 30 percent,6329354
2008,Adjusted Gross Income (in millions),Top 30 percent,5986923
2009,Adjusted Gross Income (in millions),Top 30 percent,5478063
2010,Adjusted Gross Income (in millions),Top 30 percent,5864278
2011,Adjusted Gross Income (in millions),Top 30 percent,6088552
2012,Adjusted Gross Income (in millions),Top 30 percent,6725553
2013,Adjusted Gross Income (in millions),Top 30 percent,6633611
2014,Adjusted Gross Income (in millions),Top 30 percent,7193799
2015,Adjusted Gross Income (in millions),Top 30 percent,7519683
2016,Adjusted Gross Income (in millions),Top 30 percent,7479129
2017,Adjusted Gross Income (in millions),Top 30 percent,8118508
2018,Adjusted Gross Income (in millions),Top 30 percent,8552653
2019,Adjusted Gross Income (in millions),Top 30 percent,8783586
2020,Adjusted Gross Income (in millions),Top 30 percent,9488648
2021,Adjusted Gross Income (in millions),Top 30 percent,11286435
2001,Adjusted Gross Income (in millions),Top 40 percent,4810102
2002,Adjusted Gross Income (in millions),Top 40 percent,4689683
2003,Adjusted Gross Income (in millions),Top 40 percent,4855774
2004,Adjusted Gross Income (in millions),Top 40 percent,5371578
2005,Adjusted Gross Income (in millions),Top 40 percent,5936944
2006,Adjusted Gross Income (in millions),Top 40 percent,6474937
2007,Adjusted Gross Income (in millions),Top 40 percent,7032507
2008,Adjusted Gross Income (in millions),Top 40 percent,6690342
2009,Adjusted Gross Income (in millions),Top 40 percent,6159780
2010,Adjusted Gross Income (in millions),Top 40 percent,6564169
2011,Adjusted Gross Income (in millions),Top 40 percent,6810489
2012,Adjusted Gross Income (in millions),Top 40 percent,7473507
2013,Adjusted Gross Income (in millions),Top 40 percent,7409491
2014,Adjusted Gross Income (in millions),Top 40 percent,8002581
2015,Adjusted Gross Income (in millions),Top 40 percent,8360826
2016,Adjusted Gross Income (in millions),Top 40 percent,8331664
2017,Adjusted Gross Income (in millions),Top 40 percent,9019611
2018,Adjusted Gross Income (in millions),Top 40 percent,9499838
2019,Adjusted Gross Income (in millions),Top 40 percent,9766007
2020,Adjusted Gross Income (in millions),Top 40 percent,10494409
2021,Adjusted Gross Income (in millions),Top 40 percent,12368649
2001,Adjusted Gross Income (in millions),Top 50 percent,5235273
2002,Adjusted Gross Income (in millions),Top 50 percent,5114828
2003,Adjusted Gross Income (in millions),Top 50 percent,5286949
2004,Adjusted Gross Income (in millions),Top 50 percent,5826206
2005,Adjusted Gross Income (in millions),Top 50 percent,6412897
2006,Adjusted Gross Income (in millions),Top 50 percent,6980130
2007,Adjusted Gross Income (in millions),Top 50 percent,7571084
2008,Adjusted Gross Income (in millions),Top 50 percent,7228036
2009,Adjusted Gross Income (in millions),Top 50 percent,6678194
2010,Adjusted Gross Income (in millions),Top 50 percent,7095680
2011,Adjusted Gross Income (in millions),Top 50 percent,7356627
2012,Adjusted Gross Income (in millions),Top 50 percent,8037800
2013,Adjusted Gross Income (in millions),Top 50 percent,7995603
2014,Adjusted Gross Income (in millions),Top 50 percent,8614544
2015,Adjusted Gross Income (in millions),Top 50 percent,8998075
2016,Adjusted Gross Income (in millions),Top 50 percent,8979705
2017,Adjusted Gross Income (in millions),Top 50 percent,9706054
2018,Adjusted Gross Income (in millions),Top 50 percent,10221814
2019,Adjusted Gross Income (in millions),Top 50 percent,10517131
2020,Adjusted Gross Income (in millions),Top 50 percent,11257092
2021,Adjusted Gross Income (in millions),Top 50 percent,13191209
2001,Total Income Tax (in millions),Total,884931
2002,Total Income Tax (in millions),Total,794282
2003,Total Income Tax (in millions),Total,745514
2004,Total Income Tax (in millions),Total,829096
2005,Total Income Tax (in millions),Total,931693
2006,Total Income Tax (in millions),Total,1020438
2007,Total Income Tax (in millions),Total,1111872
2008,Total Income Tax (in millions),Total,1028669
2009,Total Income Tax (in millions),Total,863486
2010,Total Income Tax (in millions),Total,949144
2011,Total Income Tax (in millions),Total,1042571
2012,Total Income Tax (in millions),Total,1184978
2013,Total Income Tax (in millions),Total,1231911
2014,Total Income Tax (in millions),Total,1374379
2015,Total Income Tax (in millions),Total,1454325
2016,Total Income Tax (in millions),Total,1442385
2017,Total Income Tax (in millions),Total,1601309
2018,Total Income Tax (in millions),Total,1536178
2019,Total Income Tax (in millions),Total,1578661
2020,Total Income Tax (in millions),Total,1708081
2021,Total Income Tax (in millions),Total,2193150
2001,Total Income Tax (in millions),Top 0.001 percent,20363
2002,Total Income Tax (in millions),Top 0.001 percent,16728
2003,Total Income Tax (in millions),Top 0.001 percent,17169
2004,Total Income Tax (in millions),Top 0.001 percent,21437
2005,Total Income Tax (in millions),Top 0.001 percent,27171
2006,Total Income Tax (in millions),Top 0.001 percent,30860
2007,Total Income Tax (in millions),Top 0.001 percent,38587
2008,Total Income Tax (in millions),Top 0.001 percent,33136
2009,Total Income Tax (in millions),Top 0.001 percent,26328
2010,Total Income Tax (in millions),Top 0.001 percent,31453
2011,Total Income Tax (in millions),Top 0.001 percent,26488
2012,Total Income Tax (in millions),Top 0.001 percent,38563
2013,Total Income Tax (in millions),Top 0.001 percent,40764
2014,Total Income Tax (in millions),Top 0.001 percent,49740
2015,Total Income Tax (in millions),Top 0.001 percent,51375
2016,Total Income Tax (in millions),Top 0.001 percent,46845
2017,Total Income Tax (in millions),Top 0.001 percent,61750
2018,Total Income Tax (in millions),Top 0.001 percent,55455
2019,Total Income Tax (in millions),Top 0.001 percent,49185
2020,Total Income Tax (in millions),Top 0.001 percent,70771
2021,Total Income Tax (in millions),Top 0.001 percent,102301
2001,Total Income Tax (in millions),Top 0.01 percent,57329
2002,Total Income Tax (in millions),Top 0.01 percent,48388
2003,Total Income Tax (in millions),Top 0.01 percent,47192
2004,Total Income Tax (in millions),Top 0.01 percent,59739
2005,Total Income Tax (in millions),Top 0.01 percent,75151
2006,Total Income Tax (in millions),Top 0.01 percent,83499
2007,Total Income Tax (in millions),Top 0.01 percent,97979
2008,Total Income Tax (in millions),Top 0.01 percent,83085
2009,Total Income Tax (in millions),Top 0.01 percent,64253
2010,Total Income Tax (in millions),Top 0.01 percent,76390
2011,Total Income Tax (in millions),Top 0.01 percent,70545
2012,Total Income Tax (in millions),Top 0.01 percent,97902
2013,Total Income Tax (in millions),Top 0.01 percent,100868
2014,Total Income Tax (in millions),Top 0.01 percent,123288
2015,Total Income Tax (in millions),Top 0.01 percent,127236
2016,Total Income Tax (in millions),Top 0.01 percent,115384
2017,Total Income Tax (in millions),Top 0.01 percent,143024
2018,Total Income Tax (in millions),Top 0.01 percent,139455
2019,Total Income Tax (in millions),Top 0.01 percent,128817
2020,Total Income Tax (in millions),Top 0.01 percent,174466
2021,Total Income Tax (in millions),Top 0.01 percent,254644
2001,Total Income Tax (in millions),Top 0.1 percent,138735
2002,Total Income Tax (in millions),Top 0.1 percent,119894
2003,Total Income Tax (in millions),Top 0.1 percent,114559
2004,Total Income Tax (in millions),Top 0.1 percent,141937
2005,Total Income Tax (in millions),Top 0.1 percent,176152
2006,Total Income Tax (in millions),Top 0.1 percent,196358
2007,Total Income Tax (in millions),Top 0.1 percent,220636
2008,Total Income Tax (in millions),Top 0.1 percent,187200
2009,Total Income Tax (in millions),Top 0.1 percent,146030
2010,Total Income Tax (in millions),Top 0.1 percent,169734
2011,Total Income Tax (in millions),Top 0.1 percent,168222
2012,Total Income Tax (in millions),Top 0.1 percent,220414
2013,Total Income Tax (in millions),Top 0.1 percent,227623
2014,Total Income Tax (in millions),Top 0.1 percent,272826
2015,Total Income Tax (in millions),Top 0.1 percent,283577
2016,Total Income Tax (in millions),Top 0.1 percent,261423
2017,Total Income Tax (in millions),Top 0.1 percent,309765
2018,Total Income Tax (in millions),Top 0.1 percent,310631
2019,Total Income Tax (in millions),Top 0.1 percent,297920
2020,Total Income Tax (in millions),Top 0.1 percent,376728
2021,Total Income Tax (in millions),Top 0.1 percent,542053
2001,Total Income Tax (in millions),Top 1 percent,293968
2002,Total Income Tax (in millions),Top 1 percent,262820
2003,Total Income Tax (in millions),Top 1 percent,251146
2004,Total Income Tax (in millions),Top 1 percent,300802
2005,Total Income Tax (in millions),Top 1 percent,361264
2006,Total Income Tax (in millions),Top 1 percent,401610
2007,Total Income Tax (in millions),Top 1 percent,442633
2008,Total Income Tax (in millions),Top 1 percent,385857
2009,Total Income Tax (in millions),Top 1 percent,313826
2010,Total Income Tax (in millions),Top 1 percent,354810
2011,Total Income Tax (in millions),Top 1 percent,365518
2012,Total Income Tax (in millions),Top 1 percent,451328
2013,Total Income Tax (in millions),Top 1 percent,465705
2014,Total Income Tax (in millions),Top 1 percent,542640
2015,Total Income Tax (in millions),Top 1 percent,567697
2016,Total Income Tax (in millions),Top 1 percent,538257
2017,Total Income Tax (in millions),Top 1 percent,615979
2018,Total Income Tax (in millions),Top 1 percent,615716
2019,Total Income Tax (in millions),Top 1 percent,612027
2020,Total Income Tax (in millions),Top 1 percent,722732
2021,Total Income Tax (in millions),Top 1 percent,1004063
2001,Total Income Tax (in millions),Top 2 percent,358761
2002,Total Income Tax (in millions),Top 2 percent,323052
2003,Total Income Tax (in millions),Top 2 percent,308878
2004,Total Income Tax (in millions),Top 2 percent,367392
2005,Total Income Tax (in millions),Top 2 percent,437452
2006,Total Income Tax (in millions),Top 2 percent,485109
2007,Total Income Tax (in millions),Top 2 percent,534150
2008,Total Income Tax (in millions),Top 2 percent,470285
2009,Total Income Tax (in millions),Top 2 percent,387828
2010,Total Income Tax (in millions),Top 2 percent,436043
2011,Total Income Tax (in millions),Top 2 percent,453679
2012,Total Income Tax (in millions),Top 2 percent,550934
2013,Total Income Tax (in millions),Top 2 percent,567786
2014,Total Income Tax (in millions),Top 2 percent,656229
2015,Total Income Tax (in millions),Top 2 percent,688137
2016,Total Income Tax (in millions),Top 2 percent,658950
2017,Total Income Tax (in millions),Top 2 percent,748944
2018,Total Income Tax (in millions),Top 2 percent,737900
2019,Total Income Tax (in millions),Top 2 percent,739896
2020,Total Income Tax (in millions),Top 2 percent,860441
2021,Total Income Tax (in millions),Top 2 percent,1180141
2001,Total Income Tax (in millions),Top 3 percent,401189
2002,Total Income Tax (in millions),Top 3 percent,362355
2003,Total Income Tax (in millions),Top 3 percent,345930
2004,Total Income Tax (in millions),Top 3 percent,409259
2005,Total Income Tax (in millions),Top 3 percent,485042
2006,Total Income Tax (in millions),Top 3 percent,536823
2007,Total Income Tax (in millions),Top 3 percent,590292
2008,Total Income Tax (in millions),Top 3 percent,523500
2009,Total Income Tax (in millions),Top 3 percent,435662
2010,Total Income Tax (in millions),Top 3 percent,488303
2011,Total Income Tax (in millions),Top 3 percent,510000
2012,Total Income Tax (in millions),Top 3 percent,613192
2013,Total Income Tax (in millions),Top 3 percent,631900
2014,Total Income Tax (in millions),Top 3 percent,727556
2015,Total Income Tax (in millions),Top 3 percent,763764
2016,Total Income Tax (in millions),Top 3 percent,735763
2017,Total Income Tax (in millions),Top 3 percent,833142
2018,Total Income Tax (in millions),Top 3 percent,815821
2019,Total Income Tax (in millions),Top 3 percent,822470
2020,Total Income Tax (in millions),Top 3 percent,948113
2021,Total Income Tax (in millions),Top 3 percent,1290041
2001,Total Income Tax (in millions),Top 4 percent,434411
2002,Total Income Tax (in millions),Top 4 percent,393407
2003,Total Income Tax (in millions),Top 4 percent,374786
2004,Total Income Tax (in millions),Top 4 percent,440979
2005,Total Income Tax (in millions),Top 4 percent,520483
2006,Total Income Tax (in millions),Top 4 percent,575603
2007,Total Income Tax (in millions),Top 4 percent,631830
2008,Total Income Tax (in millions),Top 4 percent,563684
2009,Total Income Tax (in millions),Top 4 percent,472299
2010,Total Income Tax (in millions),Top 4 percent,528045
2011,Total Income Tax (in millions),Top 4 percent,553220
2012,Total Income Tax (in millions),Top 4 percent,660121
2013,Total Income Tax (in millions),Top 4 percent,680817
2014,Total Income Tax (in millions),Top 4 percent,780687
2015,Total Income Tax (in millions),Top 4 percent,820335
2016,Total Income Tax (in millions),Top 4 percent,793331
2017,Total Income Tax (in millions),Top 4 percent,895962
2018,Total Income Tax (in millions),Top 4 percent,876470
2019,Total Income Tax (in millions),Top 4 percent,886070
2020,Total Income Tax (in millions),Top 4 percent,1016226
2021,Total Income Tax (in millions),Top 4 percent,1372665
2001,Total Income Tax (in millions),Top 5 percent,462288
2002,Total Income Tax (in millions),Top 5 percent,419871
2003,Total Income Tax (in millions),Top 5 percent,399176
2004,Total Income Tax (in millions),Top 5 percent,467165
2005,Total Income Tax (in millions),Top 5 percent,549068
2006,Total Income Tax (in millions),Top 5 percent,607088
2007,Total Income Tax (in millions),Top 5 percent,666021
2008,Total Income Tax (in millions),Top 5 percent,597246
2009,Total Income Tax (in millions),Top 5 percent,502274
2010,Total Income Tax (in millions),Top 5 percent,560649
2011,Total Income Tax (in millions),Top 5 percent,588967
2012,Total Income Tax (in millions),Top 5 percent,698543
2013,Total Income Tax (in millions),Top 5 percent,721242
2014,Total Income Tax (in millions),Top 5 percent,824153
2015,Total Income Tax (in millions),Top 5 percent,866447
2016,Total Income Tax (in millions),Top 5 percent,839898
2017,Total Income Tax (in millions),Top 5 percent,946954
2018,Total Income Tax (in millions),Top 5 percent,926367
2019,Total Income Tax (in millions),Top 5 percent,938429
2020,Total Income Tax (in millions),Top 5 percent,1071681
2021,Total Income Tax (in millions),Top 5 percent,1439657
2001,Total Income Tax (in millions),Top 10 percent,563525
2002,Total Income Tax (in millions),Top 10 percent,513320
2003,Total Income Tax (in millions),Top 10 percent,483792
2004,Total Income Tax (in millions),Top 10 percent,558007
2005,Total Income Tax (in millions),Top 10 percent,647115
2006,Total Income Tax (in millions),Top 10 percent,715108
2007,Total Income Tax (in millions),Top 10 percent,782903
2008,Total Income Tax (in millions),Top 10 percent,711873
2009,Total Income Tax (in millions),Top 10 percent,603504
2010,Total Income Tax (in millions),Top 10 percent,670319
2011,Total Income Tax (in millions),Top 10 percent,711663
2012,Total Income Tax (in millions),Top 10 percent,831445
2013,Total Income Tax (in millions),Top 10 percent,859863
2014,Total Income Tax (in millions),Top 10 percent,974124
2015,Total Income Tax (in millions),Top 10 percent,1026601
2016,Total Income Tax (in millions),Top 10 percent,1002072
2017,Total Income Tax (in millions),Top 10 percent,1122158
2018,Total Income Tax (in millions),Top 10 percent,1096343
2019,Total Income Tax (in millions),Top 10 percent,1117856
2020,Total Income Tax (in millions),Top 10 percent,1258335
2021,Total Income Tax (in millions),Top 10 percent,1662623
2001,Total Income Tax (in millions),Top 20 percent,681732
2002,Total Income Tax (in millions),Top 20 percent,620746
2003,Total Income Tax (in millions),Top 20 percent,582130
2004,Total Income Tax (in millions),Top 20 percent,659803
2005,Total Income Tax (in millions),Top 20 percent,755252
2006,Total Income Tax (in millions),Top 20 percent,832153
2007,Total Income Tax (in millions),Top 20 percent,909392
2008,Total Income Tax (in millions),Top 20 percent,837561
2009,Total Income Tax (in millions),Top 20 percent,712700
2010,Total Income Tax (in millions),Top 20 percent,787407
2011,Total Income Tax (in millions),Top 20 percent,846579
2012,Total Income Tax (in millions),Top 20 percent,975377
2013,Total Income Tax (in millions),Top 20 percent,1011220
2014,Total Income Tax (in millions),Top 20 percent,1137716
2015,Total Income Tax (in millions),Top 20 percent,1201501
2016,Total Income Tax (in millions),Top 20 percent,1180713
2017,Total Income Tax (in millions),Top 20 percent,1314957
2018,Total Income Tax (in millions),Top 20 percent,1279036
2019,Total Income Tax (in millions),Top 20 percent,1308416
2020,Total Income Tax (in millions),Top 20 percent,1450659
2021,Total Income Tax (in millions),Top 20 percent,1887736
2001,Total Income Tax (in millions),Top 25 percent,721756
2002,Total Income Tax (in millions),Top 25 percent,656602
2003,Total Income Tax (in millions),Top 25 percent,617015
2004,Total Income Tax (in millions),Top 25 percent,694983
2005,Total Income Tax (in millions),Top 25 percent,792545
2006,Total Income Tax (in millions),Top 25 percent,872385
2007,Total Income Tax (in millions),Top 25 percent,952964
2008,Total Income Tax (in millions),Top 25 percent,880244
2009,Total Income Tax (in millions),Top 25 percent,749022
2010,Total Income Tax (in millions),Top 25 percent,826796
2011,Total Income Tax (in millions),Top 25 percent,892616
2012,Total Income Tax (in millions),Top 25 percent,1024046
2013,Total Income Tax (in millions),Top 25 percent,1062798
2014,Total Income Tax (in millions),Top 25 percent,1192679
2015,Total Income Tax (in millions),Top 25 percent,1259698
2016,Total Income Tax (in millions),Top 25 percent,1240010
2017,Total Income Tax (in millions),Top 25 percent,1378757
2018,Total Income Tax (in millions),Top 25 percent,1336041
2019,Total Income Tax (in millions),Top 25 percent,1367843
2020,Total Income Tax (in millions),Top 25 percent,1511786
2021,Total Income Tax (in millions),Top 25 percent,1956857
2001,Total Income Tax (in millions),Top 30 percent,755307
2002,Total Income Tax (in millions),Top 30 percent,687111
2003,Total Income Tax (in millions),Top 30 percent,645885
2004,Total Income Tax (in millions),Top 30 percent,724830
2005,Total Income Tax (in millions),Top 30 percent,823488
2006,Total Income Tax (in millions),Top 30 percent,905569
2007,Total Income Tax (in millions),Top 30 percent,988633
2008,Total Income Tax (in millions),Top 30 percent,915035
2009,Total Income Tax (in millions),Top 30 percent,777801
2010,Total Income Tax (in millions),Top 30 percent,858000
2011,Total Income Tax (in millions),Top 30 percent,929529
2012,Total Income Tax (in millions),Top 30 percent,1063388
2013,Total Income Tax (in millions),Top 30 percent,1104510
2014,Total Income Tax (in millions),Top 30 percent,1236678
2015,Total Income Tax (in millions),Top 30 percent,1306271
2016,Total Income Tax (in millions),Top 30 percent,1288231
2017,Total Income Tax (in millions),Top 30 percent,1430369
2018,Total Income Tax (in millions),Top 30 percent,1382868
2019,Total Income Tax (in millions),Top 30 percent,1416809
2020,Total Income Tax (in millions),Top 30 percent,1560458
2021,Total Income Tax (in millions),Top 30 percent,2013237
2001,Total Income Tax (in millions),Top 40 percent,807098
2002,Total Income Tax (in millions),Top 40 percent,731873
2003,Total Income Tax (in millions),Top 40 percent,688113
2004,Total Income Tax (in millions),Top 40 percent,769074
2005,Total Income Tax (in millions),Top 40 percent,869272
2006,Total Income Tax (in millions),Top 40 percent,954823
2007,Total Income Tax (in millions),Top 40 percent,1041166
2008,Total Income Tax (in millions),Top 40 percent,965691
2009,Total Income Tax (in millions),Top 40 percent,818789
2010,Total Income Tax (in millions),Top 40 percent,901560
2011,Total Income Tax (in millions),Top 40 percent,981800
2012,Total Income Tax (in millions),Top 40 percent,1119368
2013,Total Income Tax (in millions),Top 40 percent,1163238
2014,Total Income Tax (in millions),Top 40 percent,1299383
2015,Total Income Tax (in millions),Top 40 percent,1373073
2016,Total Income Tax (in millions),Top 40 percent,1356952
2017,Total Income Tax (in millions),Top 40 percent,1505513
2018,Total Income Tax (in millions),Top 40 percent,1450202
2019,Total Income Tax (in millions),Top 40 percent,1487163
2020,Total Income Tax (in millions),Top 40 percent,1628375
2021,Total Income Tax (in millions),Top 40 percent,2093279
2001,Total Income Tax (in millions),Top 50 percent,841587
2002,Total Income Tax (in millions),Top 50 percent,760808
2003,Total Income Tax (in millions),Top 50 percent,715163
2004,Total Income Tax (in millions),Top 50 percent,797040
2005,Total Income Tax (in millions),Top 50 percent,898262
2006,Total Income Tax (in millions),Top 50 percent,985657
2007,Total Income Tax (in millions),Top 50 percent,1074502
2008,Total Income Tax (in millions),Top 50 percent,996815
2009,Total Income Tax (in millions),Top 50 percent,842286
2010,Total Income Tax (in millions),Top 50 percent,926782
2011,Total Income Tax (in millions),Top 50 percent,1012460
2012,Total Income Tax (in millions),Top 50 percent,1152063
2013,Total Income Tax (in millions),Top 50 percent,1197603
2014,Total Income Tax (in millions),Top 50 percent,1336637
2015,Total Income Tax (in millions),Top 50 percent,1413200
2016,Total Income Tax (in millions),Top 50 percent,1398523
2017,Total Income Tax (in millions),Top 50 percent,1551537
2018,Total Income Tax (in millions),Top 50 percent,1491041
2019,Total Income Tax (in millions),Top 50 percent,1530288
2020,Total Income Tax (in millions),Top 50 percent,1668410
2021,Total Income Tax (in millions),Top 50 percent,2141925
2001,Average Tax Rate ,Total,14.4685
2002,Average Tax Rate ,Total,13.2773
2003,Average Tax Rate ,Total,12.1084
2004,Average Tax Rate ,Total,12.3111
2005,Average Tax Rate ,Total,12.6491
2006,Average Tax Rate ,Total,12.8038
2007,Average Tax Rate ,Total,12.8958
2008,Average Tax Rate ,Total,12.5353
2009,Average Tax Rate ,Total,11.3937
2010,Average Tax Rate ,Total,11.8056
2011,Average Tax Rate ,Total,12.5351
2012,Average Tax Rate ,Total,13.1056
2013,Average Tax Rate ,Total,13.6366
2014,Average Tax Rate ,Total,14.1562
2015,Average Tax Rate ,Total,14.3388
2016,Average Tax Rate ,Total,14.2014
2017,Average Tax Rate ,Total,14.6419
2018,Average Tax Rate ,Total,13.2843
2019,Average Tax Rate ,Total,13.2852
2020,Average Tax Rate ,Total,13.6286
2021,Average Tax Rate ,Total,14.8968
2001,Average Tax Rate ,Top 0.001 percent,24.0399
2002,Average Tax Rate ,Top 0.001 percent,24.397
2003,Average Tax Rate ,Top 0.001 percent,20.6263
2004,Average Tax Rate ,Top 0.001 percent,19.1522
2005,Average Tax Rate ,Top 0.001 percent,18.9517
2006,Average Tax Rate ,Top 0.001 percent,18.0927
2007,Average Tax Rate ,Top 0.001 percent,17.58
2008,Average Tax Rate ,Top 0.001 percent,19.1252
2009,Average Tax Rate ,Top 0.001 percent,20.8554
2010,Average Tax Rate ,Top 0.001 percent,18.865
2011,Average Tax Rate ,Top 0.001 percent,18.2695
2012,Average Tax Rate ,Top 0.001 percent,17.6035
2013,Average Tax Rate ,Top 0.001 percent,24.1217
2014,Average Tax Rate ,Top 0.001 percent,24.0123
2015,Average Tax Rate ,Top 0.001 percent,23.9345
2016,Average Tax Rate ,Top 0.001 percent,22.8588
2017,Average Tax Rate ,Top 0.001 percent,24.0976
2018,Average Tax Rate ,Top 0.001 percent,22.9198
2019,Average Tax Rate ,Top 0.001 percent,22.9313
2020,Average Tax Rate ,Top 0.001 percent,23.7344
2021,Average Tax Rate ,Top 0.001 percent,23.1046
2001,Average Tax Rate ,Top 0.01 percent,26.4573
2002,Average Tax Rate ,Top 0.01 percent,26.9692
2003,Average Tax Rate ,Top 0.01 percent,22.9078
2004,Average Tax Rate ,Top 0.01 percent,21.3012
2005,Average Tax Rate ,Top 0.01 percent,20.7268
2006,Average Tax Rate ,Top 0.01 percent,19.9485
2007,Average Tax Rate ,Top 0.01 percent,19.4528
2008,Average Tax Rate ,Top 0.01 percent,20.8778
2009,Average Tax Rate ,Top 0.01 percent,22.8102
2010,Average Tax Rate ,Top 0.01 percent,20.8394
2011,Average Tax Rate ,Top 0.01 percent,20.6067
2012,Average Tax Rate ,Top 0.01 percent,19.5269
2013,Average Tax Rate ,Top 0.01 percent,26.2077
2014,Average Tax Rate ,Top 0.01 percent,25.9163
2015,Average Tax Rate ,Top 0.01 percent,25.6938
2016,Average Tax Rate ,Top 0.01 percent,25.0349
2017,Average Tax Rate ,Top 0.01 percent,25.2938
2018,Average Tax Rate ,Top 0.01 percent,24.4577
2019,Average Tax Rate ,Top 0.01 percent,24.6565
2020,Average Tax Rate ,Top 0.01 percent,25.1715
2021,Average Tax Rate ,Top 0.01 percent,24.4137
2001,Average Tax Rate ,Top 0.1 percent,28.1733
2002,Average Tax Rate ,Top 0.1 percent,28.4792
2003,Average Tax Rate ,Top 0.1 percent,24.6049
2004,Average Tax Rate ,Top 0.1 percent,23.0607
2005,Average Tax Rate ,Top 0.1 percent,22.4752
2006,Average Tax Rate ,Top 0.1 percent,21.9384
2007,Average Tax Rate ,Top 0.1 percent,21.4191
2008,Average Tax Rate ,Top 0.1 percent,22.6662
2009,Average Tax Rate ,Top 0.1 percent,24.2775
2010,Average Tax Rate ,Top 0.1 percent,22.8447
2011,Average Tax Rate ,Top 0.1 percent,22.8175
2012,Average Tax Rate ,Top 0.1 percent,21.6717
2013,Average Tax Rate ,Top 0.1 percent,27.9065
2014,Average Tax Rate ,Top 0.1 percent,27.6678
2015,Average Tax Rate ,Top 0.1 percent,27.4393
2016,Average Tax Rate ,Top 0.1 percent,27.0494
2017,Average Tax Rate ,Top 0.1 percent,26.9251
2018,Average Tax Rate ,Top 0.1 percent,25.958
2019,Average Tax Rate ,Top 0.1 percent,26.1215
2020,Average Tax Rate ,Top 0.1 percent,26.548
2021,Average Tax Rate ,Top 0.1 percent,25.7414
2001,Average Tax Rate ,Top 1 percent,27.6045
2002,Average Tax Rate ,Top 1 percent,27.367
2003,Average Tax Rate ,Top 1 percent,24.3789
2004,Average Tax Rate ,Top 1 percent,23.5208
2005,Average Tax Rate ,Top 1 percent,23.1482
2006,Average Tax Rate ,Top 1 percent,22.8042
2007,Average Tax Rate ,Top 1 percent,22.457
2008,Average Tax Rate ,Top 1 percent,23.2897
2009,Average Tax Rate ,Top 1 percent,24.0548
2010,Average Tax Rate ,Top 1 percent,23.3867
2011,Average Tax Rate ,Top 1 percent,23.4954
2012,Average Tax Rate ,Top 1 percent,22.8319
2013,Average Tax Rate ,Top 1 percent,27.0791
2014,Average Tax Rate ,Top 1 percent,27.1616
2015,Average Tax Rate ,Top 1 percent,27.0989
2016,Average Tax Rate ,Top 1 percent,26.8717
2017,Average Tax Rate ,Top 1 percent,26.7648
2018,Average Tax Rate ,Top 1 percent,25.4425
2019,Average Tax Rate ,Top 1 percent,25.5716
2020,Average Tax Rate ,Top 1 percent,25.9905
2021,Average Tax Rate ,Top 1 percent,25.9287
2001,Average Tax Rate ,Top 2 percent,26.3626
2002,Average Tax Rate ,Top 2 percent,25.9
2003,Average Tax Rate ,Top 2 percent,23.2751
2004,Average Tax Rate ,Top 2 percent,22.808
2005,Average Tax Rate ,Top 2 percent,22.6418
2006,Average Tax Rate ,Top 2 percent,22.3946
2007,Average Tax Rate ,Top 2 percent,22.1463
2008,Average Tax Rate ,Top 2 percent,22.695
2009,Average Tax Rate ,Top 2 percent,23.0283
2010,Average Tax Rate ,Top 2 percent,22.6863
2011,Average Tax Rate ,Top 2 percent,22.8558
2012,Average Tax Rate ,Top 2 percent,22.5196
2013,Average Tax Rate ,Top 2 percent,25.8587
2014,Average Tax Rate ,Top 2 percent,26.0929
2015,Average Tax Rate ,Top 2 percent,26.0956
2016,Average Tax Rate ,Top 2 percent,25.8929
2017,Average Tax Rate ,Top 2 percent,25.9205
2018,Average Tax Rate ,Top 2 percent,24.2367
2019,Average Tax Rate ,Top 2 percent,24.3162
2020,Average Tax Rate ,Top 2 percent,24.7638
2021,Average Tax Rate ,Top 2 percent,25.1284
2001,Average Tax Rate ,Top 3 percent,25.3506
2002,Average Tax Rate ,Top 3 percent,24.758
2003,Average Tax Rate ,Top 3 percent,22.3206
2004,Average Tax Rate ,Top 3 percent,22.0532
2005,Average Tax Rate ,Top 3 percent,22.0238
2006,Average Tax Rate ,Top 3 percent,21.8171
2007,Average Tax Rate ,Top 3 percent,21.6266
2008,Average Tax Rate ,Top 3 percent,21.9894
2009,Average Tax Rate ,Top 3 percent,22.0741
2010,Average Tax Rate ,Top 3 percent,21.9131
2011,Average Tax Rate ,Top 3 percent,22.1098
2012,Average Tax Rate ,Top 3 percent,21.9687
2013,Average Tax Rate ,Top 3 percent,24.7799
2014,Average Tax Rate ,Top 3 percent,25.1253
2015,Average Tax Rate ,Top 3 percent,25.1661
2016,Average Tax Rate ,Top 3 percent,24.9741
2017,Average Tax Rate ,Top 3 percent,25.087
2018,Average Tax Rate ,Top 3 percent,23.2834
2019,Average Tax Rate ,Top 3 percent,23.3413
2020,Average Tax Rate ,Top 3 percent,23.7882
2021,Average Tax Rate ,Top 3 percent,24.394
2001,Average Tax Rate ,Top 4 percent,24.5658
2002,Average Tax Rate ,Top 4 percent,23.8739
2003,Average Tax Rate ,Top 4 percent,21.5525
2004,Average Tax Rate ,Top 4 percent,21.3922
2005,Average Tax Rate ,Top 4 percent,21.45
2006,Average Tax Rate ,Top 4 percent,21.2828
2007,Average Tax Rate ,Top 4 percent,21.114
2008,Average Tax Rate ,Top 4 percent,21.3589
2009,Average Tax Rate ,Top 4 percent,21.2762
2010,Average Tax Rate ,Top 4 percent,21.2329
2011,Average Tax Rate ,Top 4 percent,21.4581
2012,Average Tax Rate ,Top 4 percent,21.4441
2013,Average Tax Rate ,Top 4 percent,23.912
2014,Average Tax Rate ,Top 4 percent,24.3018
2015,Average Tax Rate ,Top 4 percent,24.3645
2016,Average Tax Rate ,Top 4 percent,24.1825
2017,Average Tax Rate ,Top 4 percent,24.3446
2018,Average Tax Rate ,Top 4 percent,22.5612
2019,Average Tax Rate ,Top 4 percent,22.5936
2020,Average Tax Rate ,Top 4 percent,23.0542
2021,Average Tax Rate ,Top 4 percent,23.7945
2001,Average Tax Rate ,Top 5 percent,23.9086
2002,Average Tax Rate ,Top 5 percent,23.1705
2003,Average Tax Rate ,Top 5 percent,20.923
2004,Average Tax Rate ,Top 5 percent,20.8268
2005,Average Tax Rate ,Top 5 percent,20.9322
2006,Average Tax Rate ,Top 5 percent,20.8019
2007,Average Tax Rate ,Top 5 percent,20.6621
2008,Average Tax Rate ,Top 5 percent,20.8264
2009,Average Tax Rate ,Top 5 percent,20.5922
2010,Average Tax Rate ,Top 5 percent,20.6409
2011,Average Tax Rate ,Top 5 percent,20.8937
2012,Average Tax Rate ,Top 5 percent,20.9713
2013,Average Tax Rate ,Top 5 percent,23.1956
2014,Average Tax Rate ,Top 5 percent,23.6088
2015,Average Tax Rate ,Top 5 percent,23.6828
2016,Average Tax Rate ,Top 5 percent,23.4948
2017,Average Tax Rate ,Top 5 percent,23.7033
2018,Average Tax Rate ,Top 5 percent,21.9622
2019,Average Tax Rate ,Top 5 percent,21.9787
2020,Average Tax Rate ,Top 5 percent,22.4389
2021,Average Tax Rate ,Top 5 percent,23.2872
2001,Average Tax Rate ,Top 10 percent,21.6769
2002,Average Tax Rate ,Top 10 percent,20.7626
2003,Average Tax Rate ,Top 10 percent,18.7025
2004,Average Tax Rate ,Top 10 percent,18.7997
2005,Average Tax Rate ,Top 10 percent,19.0295
2006,Average Tax Rate ,Top 10 percent,19.0202
2007,Average Tax Rate ,Top 10 percent,18.9646
2008,Average Tax Rate ,Top 10 percent,18.8681
2009,Average Tax Rate ,Top 10 percent,18.1921
2010,Average Tax Rate ,Top 10 percent,18.4592
2011,Average Tax Rate ,Top 10 percent,18.8521
2012,Average Tax Rate ,Top 10 percent,19.2113
2013,Average Tax Rate ,Top 10 percent,20.7521
2014,Average Tax Rate ,Top 10 percent,21.2532
2015,Average Tax Rate ,Top 10 percent,21.3727
2016,Average Tax Rate ,Top 10 percent,21.1881
2017,Average Tax Rate ,Top 10 percent,21.4934
2018,Average Tax Rate ,Top 10 percent,19.8933
2019,Average Tax Rate ,Top 10 percent,19.887
2020,Average Tax Rate ,Top 10 percent,20.3022
2021,Average Tax Rate ,Top 10 percent,21.4656
2001,Average Tax Rate ,Top 20 percent,19.173
2002,Average Tax Rate ,Top 20 percent,18.0893
2003,Average Tax Rate ,Top 20 percent,16.2939
2004,Average Tax Rate ,Top 20 percent,16.4503
2005,Average Tax Rate ,Top 20 percent,16.7603
2006,Average Tax Rate ,Top 20 percent,16.821
2007,Average Tax Rate ,Top 20 percent,16.8349
2008,Average Tax Rate ,Top 20 percent,16.568
2009,Average Tax Rate ,Top 20 percent,15.5943
2010,Average Tax Rate ,Top 20 percent,15.9806
2011,Average Tax Rate ,Top 20 percent,16.5341
2012,Average Tax Rate ,Top 20 percent,17.0432
2013,Average Tax Rate ,Top 20 percent,18.0841
2014,Average Tax Rate ,Top 20 percent,18.6384
2015,Average Tax Rate ,Top 20 percent,18.8055
2016,Average Tax Rate ,Top 20 percent,18.6424
2017,Average Tax Rate ,Top 20 percent,19.0211
2018,Average Tax Rate ,Top 20 percent,17.5455
2019,Average Tax Rate ,Top 20 percent,17.5105
2020,Average Tax Rate ,Top 20 percent,17.843
2021,Average Tax Rate ,Top 20 percent,19.2071
2001,Average Tax Rate ,Top 25 percent,18.3504
2002,Average Tax Rate ,Top 25 percent,17.2267
2003,Average Tax Rate ,Top 25 percent,15.5747
2004,Average Tax Rate ,Top 25 percent,15.7124
2005,Average Tax Rate ,Top 25 percent,16.0426
2006,Average Tax Rate ,Top 25 percent,16.1193
2007,Average Tax Rate ,Top 25 percent,16.1562
2008,Average Tax Rate ,Top 25 percent,15.8472
2009,Average Tax Rate ,Top 25 percent,14.8094
2010,Average Tax Rate ,Top 25 percent,15.2238
2011,Average Tax Rate ,Top 25 percent,15.8249
2012,Average Tax Rate ,Top 25 percent,16.3542
2013,Average Tax Rate ,Top 25 percent,17.2766
2014,Average Tax Rate ,Top 25 percent,17.827
2015,Average Tax Rate ,Top 25 percent,18.0015
2016,Average Tax Rate ,Top 25 percent,17.8417
2017,Average Tax Rate ,Top 25 percent,18.2342
2018,Average Tax Rate ,Top 25 percent,16.7652
2019,Average Tax Rate ,Top 25 percent,16.7274
2020,Average Tax Rate ,Top 25 percent,17.0581
2021,Average Tax Rate ,Top 25 percent,18.4373
2001,Average Tax Rate ,Top 30 percent,17.7155
2002,Average Tax Rate ,Top 30 percent,16.5847
2003,Average Tax Rate ,Top 30 percent,15.02
2004,Average Tax Rate ,Top 30 percent,15.1559
2005,Average Tax Rate ,Top 30 percent,15.4852
2006,Average Tax Rate ,Top 30 percent,15.572
2007,Average Tax Rate ,Top 30 percent,15.6198
2008,Average Tax Rate ,Top 30 percent,15.2839
2009,Average Tax Rate ,Top 30 percent,14.1985
2010,Average Tax Rate ,Top 30 percent,14.631
2011,Average Tax Rate ,Top 30 percent,15.2668
2012,Average Tax Rate ,Top 30 percent,15.8112
2013,Average Tax Rate ,Top 30 percent,16.6502
2014,Average Tax Rate ,Top 30 percent,17.1909
2015,Average Tax Rate ,Top 30 percent,17.3714
2016,Average Tax Rate ,Top 30 percent,17.2243
2017,Average Tax Rate ,Top 30 percent,17.6186
2018,Average Tax Rate ,Top 30 percent,16.1689
2019,Average Tax Rate ,Top 30 percent,16.1302
2020,Average Tax Rate ,Top 30 percent,16.4455
2021,Average Tax Rate ,Top 30 percent,17.8377
2001,Average Tax Rate ,Top 40 percent,16.7792
2002,Average Tax Rate ,Top 40 percent,15.606
2003,Average Tax Rate ,Top 40 percent,14.171
2004,Average Tax Rate ,Top 40 percent,14.3175
2005,Average Tax Rate ,Top 40 percent,14.6417
2006,Average Tax Rate ,Top 40 percent,14.7464
2007,Average Tax Rate ,Top 40 percent,14.8051
2008,Average Tax Rate ,Top 40 percent,14.4341
2009,Average Tax Rate ,Top 40 percent,13.2925
2010,Average Tax Rate ,Top 40 percent,13.7346
2011,Average Tax Rate ,Top 40 percent,14.416
2012,Average Tax Rate ,Top 40 percent,14.9778
2013,Average Tax Rate ,Top 40 percent,15.6993
2014,Average Tax Rate ,Top 40 percent,16.2371
2015,Average Tax Rate ,Top 40 percent,16.4227
2016,Average Tax Rate ,Top 40 percent,16.2867
2017,Average Tax Rate ,Top 40 percent,16.6916
2018,Average Tax Rate ,Top 40 percent,15.2655
2019,Average Tax Rate ,Top 40 percent,15.228
2020,Average Tax Rate ,Top 40 percent,15.5166
2021,Average Tax Rate ,Top 40 percent,16.9241
2001,Average Tax Rate ,Top 50 percent,16.0753
2002,Average Tax Rate ,Top 50 percent,14.8745
2003,Average Tax Rate ,Top 50 percent,13.527
2004,Average Tax Rate ,Top 50 percent,13.6803
2005,Average Tax Rate ,Top 50 percent,14.0071
2006,Average Tax Rate ,Top 50 percent,14.1209
2007,Average Tax Rate ,Top 50 percent,14.1922
2008,Average Tax Rate ,Top 50 percent,13.7909
2009,Average Tax Rate ,Top 50 percent,12.6125
2010,Average Tax Rate ,Top 50 percent,13.0612
2011,Average Tax Rate ,Top 50 percent,13.7626
2012,Average Tax Rate ,Top 50 percent,14.3331
2013,Average Tax Rate ,Top 50 percent,14.9783
2014,Average Tax Rate ,Top 50 percent,15.5161
2015,Average Tax Rate ,Top 50 percent,15.7056
2016,Average Tax Rate ,Top 50 percent,15.5743
2017,Average Tax Rate ,Top 50 percent,15.9853
2018,Average Tax Rate ,Top 50 percent,14.5869
2019,Average Tax Rate ,Top 50 percent,14.5504
2020,Average Tax Rate ,Top 50 percent,14.821
2021,Average Tax Rate ,Top 50 percent,16.2375
2001,Adjusted Gross Income Share,Top 0.001 percent,1.3849
2002,Adjusted Gross Income Share,Top 0.001 percent,1.1461
2003,Adjusted Gross Income Share,Top 0.001 percent,1.3519
2004,Adjusted Gross Income Share,Top 0.001 percent,1.662
2005,Adjusted Gross Income Share,Top 0.001 percent,1.9465
2006,Adjusted Gross Income Share,Top 0.001 percent,2.1402
2007,Adjusted Gross Income Share,Top 0.001 percent,2.5458
2008,Adjusted Gross Income Share,Top 0.001 percent,2.1113
2009,Adjusted Gross Income Share,Top 0.001 percent,1.6658
2010,Adjusted Gross Income Share,Top 0.001 percent,2.0738
2011,Adjusted Gross Income Share,Top 0.001 percent,1.7432
2012,Adjusted Gross Income Share,Top 0.001 percent,2.4228
2013,Adjusted Gross Income Share,Top 0.001 percent,1.8707
2014,Adjusted Gross Income Share,Top 0.001 percent,2.1336
2015,Adjusted Gross Income Share,Top 0.001 percent,2.1163
2016,Adjusted Gross Income Share,Top 0.001 percent,2.0177
2017,Adjusted Gross Income Share,Top 0.001 percent,2.3431
2018,Adjusted Gross Income Share,Top 0.001 percent,2.0923
2019,Adjusted Gross Income Share,Top 0.001 percent,1.805
2020,Adjusted Gross Income Share,Top 0.001 percent,2.3791
2021,Adjusted Gross Income Share,Top 0.001 percent,3.0075
2001,Adjusted Gross Income Share,Top 0.01 percent,3.5427
2002,Adjusted Gross Income Share,Top 0.01 percent,2.9992
2003,Adjusted Gross Income Share,Top 0.01 percent,3.346
2004,Adjusted Gross Income Share,Top 0.01 percent,4.1643
2005,Adjusted Gross Income Share,Top 0.01 percent,4.9226
2006,Adjusted Gross Income Share,Top 0.01 percent,5.252
2007,Adjusted Gross Income Share,Top 0.01 percent,5.8418
2008,Adjusted Gross Income Share,Top 0.01 percent,4.8495
2009,Adjusted Gross Income Share,Top 0.01 percent,3.7169
2010,Adjusted Gross Income Share,Top 0.01 percent,4.5594
2011,Adjusted Gross Income Share,Top 0.01 percent,4.116
2012,Adjusted Gross Income Share,Top 0.01 percent,5.5451
2013,Adjusted Gross Income Share,Top 0.01 percent,4.2604
2014,Adjusted Gross Income Share,Top 0.01 percent,4.8999
2015,Adjusted Gross Income Share,Top 0.01 percent,4.8824
2016,Adjusted Gross Income Share,Top 0.01 percent,4.5379
2017,Adjusted Gross Income Share,Top 0.01 percent,5.1703
2018,Adjusted Gross Income Share,Top 0.01 percent,4.9308
2019,Adjusted Gross Income Share,Top 0.01 percent,4.3967
2020,Adjusted Gross Income Share,Top 0.01 percent,5.5302
2021,Adjusted Gross Income Share,Top 0.01 percent,7.0848
2001,Adjusted Gross Income Share,Top 0.1 percent,8.0513
2002,Adjusted Gross Income Share,Top 0.1 percent,7.0373
2003,Adjusted Gross Income Share,Top 0.1 percent,7.562
2004,Adjusted Gross Income Share,Top 0.1 percent,9.1393
2005,Adjusted Gross Income Share,Top 0.1 percent,10.6407
2006,Adjusted Gross Income Share,Top 0.1 percent,11.2304
2007,Adjusted Gross Income Share,Top 0.1 percent,11.9473
2008,Adjusted Gross Income Share,Top 0.1 percent,10.0644
2009,Adjusted Gross Income Share,Top 0.1 percent,7.9368
2010,Adjusted Gross Income Share,Top 0.1 percent,9.2414
2011,Adjusted Gross Income Share,Top 0.1 percent,8.8642
2012,Adjusted Gross Income Share,Top 0.1 percent,11.2485
2013,Adjusted Gross Income Share,Top 0.1 percent,9.029
2014,Adjusted Gross Income Share,Top 0.1 percent,10.1567
2015,Adjusted Gross Income Share,Top 0.1 percent,10.1894
2016,Adjusted Gross Income Share,Top 0.1 percent,9.5156
2017,Adjusted Gross Income Share,Top 0.1 percent,10.5196
2018,Adjusted Gross Income Share,Top 0.1 percent,10.3483
2019,Adjusted Gross Income Share,Top 0.1 percent,9.598
2020,Adjusted Gross Income Share,Top 0.1 percent,11.3224
2021,Adjusted Gross Income Share,Top 0.1 percent,14.3033
2001,Adjusted Gross Income Share,Top 1 percent,17.4114
2002,Adjusted Gross Income Share,Top 1 percent,16.0533
2003,Adjusted Gross Income Share,Top 1 percent,16.7318
2004,Adjusted Gross Income Share,Top 1 percent,18.9898
2005,Adjusted Gross Income Share,Top 1 percent,21.1882
2006,Adjusted Gross Income Share,Top 1 percent,22.0974
2007,Adjusted Gross Income Share,Top 1 percent,22.8605
2008,Adjusted Gross Income Share,Top 1 percent,20.1894
2009,Adjusted Gross Income Share,Top 1 percent,17.2145
2010,Adjusted Gross Income Share,Top 1 percent,18.8705
2011,Adjusted Gross Income Share,Top 1 percent,18.7047
2012,Adjusted Gross Income Share,Top 1 percent,21.8624
2013,Adjusted Gross Income Share,Top 1 percent,19.0372
2014,Adjusted Gross Income Share,Top 1 percent,20.5777
2015,Adjusted Gross Income Share,Top 1 percent,20.6545
2016,Adjusted Gross Income Share,Top 1 percent,19.7218
2017,Adjusted Gross Income Share,Top 1 percent,21.0437
2018,Adjusted Gross Income Share,Top 1 percent,20.9274
2019,Adjusted Gross Income Share,Top 1 percent,20.1415
2020,Adjusted Gross Income Share,Top 1 percent,22.1873
2021,Adjusted Gross Income Share,Top 1 percent,26.303
2001,Adjusted Gross Income Share,Top 2 percent,22.25
2002,Adjusted Gross Income Share,Top 2 percent,20.8501
2003,Adjusted Gross Income Share,Top 2 percent,21.554
2004,Adjusted Gross Income Share,Top 2 percent,23.9185
2005,Adjusted Gross Income Share,Top 2 percent,26.2305
2006,Adjusted Gross Income Share,Top 2 percent,27.1799
2007,Adjusted Gross Income Share,Top 2 percent,27.9741
2008,Adjusted Gross Income Share,Top 2 percent,25.2517
2009,Adjusted Gross Income Share,Top 2 percent,22.2222
2010,Adjusted Gross Income Share,Top 2 percent,23.9068
2011,Adjusted Gross Income Share,Top 2 percent,23.8658
2012,Adjusted Gross Income Share,Top 2 percent,27.0574
2013,Adjusted Gross Income Share,Top 2 percent,24.3055
2014,Adjusted Gross Income Share,Top 2 percent,25.9044
2015,Adjusted Gross Income Share,Top 2 percent,25.9991
2016,Adjusted Gross Income Share,Top 2 percent,25.0566
2017,Adjusted Gross Income Share,Top 2 percent,26.4197
2018,Adjusted Gross Income Share,Top 2 percent,26.3281
2019,Adjusted Gross Income Share,Top 2 percent,25.6067
2020,Adjusted Gross Income Share,Top 2 percent,27.7233
2021,Adjusted Gross Income Share,Top 2 percent,31.9003
2001,Adjusted Gross Income Share,Top 3 percent,25.8746
2002,Adjusted Gross Income Share,Top 3 percent,24.4655
2003,Adjusted Gross Income Share,Top 3 percent,25.1718
2004,Adjusted Gross Income Share,Top 3 percent,27.5561
2005,Adjusted Gross Income Share,Top 3 percent,29.9002
2006,Adjusted Gross Income Share,Top 3 percent,30.8735
2007,Adjusted Gross Income Share,Top 3 percent,31.6572
2008,Adjusted Gross Income Share,Top 3 percent,29.0111
2009,Adjusted Gross Income Share,Top 3 percent,26.0421
2010,Adjusted Gross Income Share,Top 3 percent,27.7167
2011,Adjusted Gross Income Share,Top 3 percent,27.7338
2012,Adjusted Gross Income Share,Top 3 percent,30.8702
2013,Adjusted Gross Income Share,Top 3 percent,28.2277
2014,Adjusted Gross Income Share,Top 3 percent,29.8261
2015,Adjusted Gross Income Share,Top 3 percent,29.9221
2016,Adjusted Gross Income Share,Top 3 percent,29.0067
2017,Adjusted Gross Income Share,Top 3 percent,30.3662
2018,Adjusted Gross Income Share,Top 3 percent,30.3002
2019,Adjusted Gross Income Share,Top 3 percent,29.6534
2020,Adjusted Gross Income Share,Top 3 percent,31.8009
2021,Adjusted Gross Income Share,Top 3 percent,35.9208
2001,Adjusted Gross Income Share,Top 4 percent,28.9123
2002,Adjusted Gross Income Share,Top 4 percent,27.5456
2003,Adjusted Gross Income Share,Top 4 percent,28.2434
2004,Adjusted Gross Income Share,Top 4 percent,30.6093
2005,Adjusted Gross Income Share,Top 4 percent,32.9432
2006,Adjusted Gross Income Share,Top 4 percent,33.9349
2007,Adjusted Gross Income Share,Top 4 percent,34.7075
2008,Adjusted Gross Income Share,Top 4 percent,32.16
2009,Adjusted Gross Income Share,Top 4 percent,29.2909
2010,Adjusted Gross Income Share,Top 4 percent,30.9327
2011,Adjusted Gross Income Share,Top 4 percent,30.9977
2012,Adjusted Gross Income Share,Top 4 percent,34.0458
2013,Adjusted Gross Income Share,Top 4 percent,31.5168
2014,Adjusted Gross Income Share,Top 4 percent,33.0887
2015,Adjusted Gross Income Share,Top 4 percent,33.1958
2016,Adjusted Gross Income Share,Top 4 percent,32.3001
2017,Adjusted Gross Income Share,Top 4 percent,33.6518
2018,Adjusted Gross Income Share,Top 4 percent,33.5947
2019,Adjusted Gross Income Share,Top 4 percent,33.0037
2020,Adjusted Gross Income Share,Top 4 percent,35.1708
2021,Adjusted Gross Income Share,Top 4 percent,39.1844
2001,Adjusted Gross Income Share,Top 5 percent,31.6134
2002,Adjusted Gross Income Share,Top 5 percent,30.2911
2003,Adjusted Gross Income Share,Top 5 percent,30.9865
2004,Adjusted Gross Income Share,Top 5 percent,33.3073
2005,Adjusted Gross Income Share,Top 5 percent,35.6121
2006,Adjusted Gross Income Share,Top 5 percent,36.6185
2007,Adjusted Gross Income Share,Top 5 percent,37.3859
2008,Adjusted Gross Income Share,Top 5 percent,34.9461
2009,Adjusted Gross Income Share,Top 5 percent,32.1845
2010,Adjusted Gross Income Share,Top 5 percent,33.7845
2011,Adjusted Gross Income Share,Top 5 percent,33.8922
2012,Adjusted Gross Income Share,Top 5 percent,36.8396
2013,Adjusted Gross Income Share,Top 5 percent,34.4193
2014,Adjusted Gross Income Share,Top 5 percent,35.9562
2015,Adjusted Gross Income Share,Top 5 percent,36.0711
2016,Adjusted Gross Income Share,Top 5 percent,35.1971
2017,Adjusted Gross Income Share,Top 5 percent,36.5294
2018,Adjusted Gross Income Share,Top 5 percent,36.4756
2019,Adjusted Gross Income Share,Top 5 percent,35.9318
2020,Adjusted Gross Income Share,Top 5 percent,38.107
2021,Adjusted Gross Income Share,Top 5 percent,41.9921
2001,Adjusted Gross Income Share,Top 10 percent,42.5038
2002,Adjusted Gross Income Share,Top 10 percent,41.3276
2003,Adjusted Gross Income Share,Top 10 percent,42.0136
2004,Adjusted Gross Income Share,Top 10 percent,44.0737
2005,Adjusted Gross Income Share,Top 10 percent,46.1681
2006,Adjusted Gross Income Share,Top 10 percent,47.1747
2007,Adjusted Gross Income Share,Top 10 percent,47.8805
2008,Adjusted Gross Income Share,Top 10 percent,45.9763
2009,Adjusted Gross Income Share,Top 10 percent,43.773
2010,Adjusted Gross Income Share,Top 10 percent,45.1675
2011,Adjusted Gross Income Share,Top 10 percent,45.3877
2012,Adjusted Gross Income Share,Top 10 percent,47.8658
2013,Adjusted Gross Income Share,Top 10 percent,45.8664
2014,Adjusted Gross Income Share,Top 10 percent,47.2096
2015,Adjusted Gross Income Share,Top 10 percent,47.3579
2016,Adjusted Gross Income Share,Top 10 percent,46.5648
2017,Adjusted Gross Income Share,Top 10 percent,47.7387
2018,Adjusted Gross Income Share,Top 10 percent,47.658
2019,Adjusted Gross Income Share,Top 10 percent,47.3037
2020,Adjusted Gross Income Share,Top 10 percent,49.4532
2021,Adjusted Gross Income Share,Top 10 percent,52.611
2001,Adjusted Gross Income Share,Top 20 percent,58.1349
2002,Adjusted Gross Income Share,Top 20 percent,57.3624
2003,Adjusted Gross Income Share,Top 20 percent,58.0263
2004,Adjusted Gross Income Share,Top 20 percent,59.557
2005,Adjusted Gross Income Share,Top 20 percent,61.1782
2006,Adjusted Gross Income Share,Top 20 percent,62.073
2007,Adjusted Gross Income Share,Top 20 percent,62.6519
2008,Adjusted Gross Income Share,Top 20 percent,61.6037
2009,Adjusted Gross Income Share,Top 20 percent,60.3044
2010,Adjusted Gross Income Share,Top 20 percent,61.286
2011,Adjusted Gross Income Share,Top 20 percent,61.5615
2012,Adjusted Gross Income Share,Top 20 percent,63.2951
2013,Adjusted Gross Income Share,Top 20 percent,61.8978
2014,Adjusted Gross Income Share,Top 20 percent,62.8732
2015,Adjusted Gross Income Share,Top 20 percent,62.9925
2016,Adjusted Gross Income Share,Top 20 percent,62.3581
2017,Adjusted Gross Income Share,Top 20 percent,63.2115
2018,Adjusted Gross Income Share,Top 20 percent,63.0397
2019,Adjusted Gross Income Share,Top 20 percent,62.8821
2020,Adjusted Gross Income Share,Top 20 percent,64.8691
2021,Adjusted Gross Income Share,Top 20 percent,66.7584
2001,Adjusted Gross Income Share,Top 25 percent,64.3069
2002,Adjusted Gross Income Share,Top 25 percent,63.714
2003,Adjusted Gross Income Share,Top 25 percent,64.344
2004,Adjusted Gross Income Share,Top 25 percent,65.6784
2005,Adjusted Gross Income Share,Top 25 percent,67.0711
2006,Adjusted Gross Income Share,Top 25 percent,67.9067
2007,Adjusted Gross Income Share,Top 25 percent,68.4118
2008,Adjusted Gross Income Share,Top 25 percent,67.688
2009,Adjusted Gross Income Share,Top 25 percent,66.737
2010,Adjusted Gross Income Share,Top 25 percent,67.551
2011,Adjusted Gross Income Share,Top 25 percent,67.8184
2012,Adjusted Gross Income Share,Top 25 percent,69.253
2013,Adjusted Gross Income Share,Top 25 percent,68.0959
2014,Adjusted Gross Income Share,Top 25 percent,68.9105
2015,Adjusted Gross Income Share,Top 25 percent,68.9934
2016,Adjusted Gross Income Share,Top 25 percent,68.4288
2017,Adjusted Gross Income Share,Top 25 percent,69.1388
2018,Adjusted Gross Income Share,Top 25 percent,68.9139
2019,Adjusted Gross Income Share,Top 25 percent,68.8157
2020,Adjusted Gross Income Share,Top 25 percent,70.7134
2021,Adjusted Gross Income Share,Top 25 percent,72.0923
2001,Adjusted Gross Income Share,Top 30 percent,69.7081
2002,Adjusted Gross Income Share,Top 30 percent,69.2556
2003,Adjusted Gross Income Share,Top 30 percent,69.8421
2004,Adjusted Gross Income Share,Top 30 percent,71.0145
2005,Adjusted Gross Income Share,Top 30 percent,72.1983
2006,Adjusted Gross Income Share,Top 30 percent,72.9676
2007,Adjusted Gross Income Share,Top 30 percent,73.4097
2008,Adjusted Gross Income Share,Top 30 percent,72.9565
2009,Adjusted Gross Income Share,Top 30 percent,72.2829
2010,Adjusted Gross Income Share,Top 30 percent,72.9408
2011,Adjusted Gross Income Share,Top 30 percent,73.2044
2012,Adjusted Gross Income Share,Top 30 percent,74.3834
2013,Adjusted Gross Income Share,Top 30 percent,73.4307
2014,Adjusted Gross Income Share,Top 30 percent,74.0967
2015,Adjusted Gross Income Share,Top 30 percent,74.1395
2016,Adjusted Gross Income Share,Top 30 percent,73.638
2017,Adjusted Gross Income Share,Top 30 percent,74.2331
2018,Adjusted Gross Income Share,Top 30 percent,73.96
2019,Adjusted Gross Income Share,Top 30 percent,73.9182
2020,Adjusted Gross Income Share,Top 30 percent,75.7087
2021,Adjusted Gross Income Share,Top 30 percent,76.6624
2001,Adjusted Gross Income Share,Top 40 percent,78.6443
2002,Adjusted Gross Income Share,Top 40 percent,78.3932
2003,Adjusted Gross Income Share,Top 40 percent,78.866
2004,Adjusted Gross Income Share,Top 40 percent,79.7615
2005,Adjusted Gross Income Share,Top 40 percent,80.6027
2006,Adjusted Gross Income Share,Top 40 percent,81.2433
2007,Adjusted Gross Income Share,Top 40 percent,81.565
2008,Adjusted Gross Income Share,Top 40 percent,81.5283
2009,Adjusted Gross Income Share,Top 40 percent,81.2782
2010,Adjusted Gross Income Share,Top 40 percent,81.6461
2011,Adjusted Gross Income Share,Top 40 percent,81.8845
2012,Adjusted Gross Income Share,Top 40 percent,82.6556
2013,Adjusted Gross Income Share,Top 40 percent,82.0193
2014,Adjusted Gross Income Share,Top 40 percent,82.4272
2015,Adjusted Gross Income Share,Top 40 percent,82.4326
2016,Adjusted Gross Income Share,Top 40 percent,82.0319
2017,Adjusted Gross Income Share,Top 40 percent,82.4726
2018,Adjusted Gross Income Share,Top 40 percent,82.1509
2019,Adjusted Gross Income Share,Top 40 percent,82.1857
2020,Adjusted Gross Income Share,Top 40 percent,83.7335
2021,Adjusted Gross Income Share,Top 40 percent,84.0133
2001,Adjusted Gross Income Share,Top 50 percent,85.5958
2002,Adjusted Gross Income Share,Top 50 percent,85.4999
2003,Adjusted Gross Income Share,Top 50 percent,85.869
2004,Adjusted Gross Income Share,Top 50 percent,86.5121
2005,Adjusted Gross Income Share,Top 50 percent,87.0645
2006,Adjusted Gross Income Share,Top 50 percent,87.5821
2007,Adjusted Gross Income Share,Top 50 percent,87.8116
2008,Adjusted Gross Income Share,Top 50 percent,88.0806
2009,Adjusted Gross Income Share,Top 50 percent,88.1186
2010,Adjusted Gross Income Share,Top 50 percent,88.2572
2011,Adjusted Gross Income Share,Top 50 percent,88.4509
2012,Adjusted Gross Income Share,Top 50 percent,88.8966
2013,Adjusted Gross Income Share,Top 50 percent,88.5072
2014,Adjusted Gross Income Share,Top 50 percent,88.7305
2015,Adjusted Gross Income Share,Top 50 percent,88.7155
2016,Adjusted Gross Income Share,Top 50 percent,88.4124
2017,Adjusted Gross Income Share,Top 50 percent,88.7492
2018,Adjusted Gross Income Share,Top 50 percent,88.3943
2019,Adjusted Gross Income Share,Top 50 percent,88.5068
2020,Adjusted Gross Income Share,Top 50 percent,89.8189
2021,Adjusted Gross Income Share,Top 50 percent,89.6005
2001,Total Income Tax Share,Top 0.001 percent,2.3011
2002,Total Income Tax Share,Top 0.001 percent,2.106
2003,Total Income Tax Share,Top 0.001 percent,2.303
2004,Total Income Tax Share,Top 0.001 percent,2.5856
2005,Total Income Tax Share,Top 0.001 percent,2.9163
2006,Total Income Tax Share,Top 0.001 percent,3.0242
2007,Total Income Tax Share,Top 0.001 percent,3.4705
2008,Total Income Tax Share,Top 0.001 percent,3.2212
2009,Total Income Tax Share,Top 0.001 percent,3.0491
2010,Total Income Tax Share,Top 0.001 percent,3.3138
2011,Total Income Tax Share,Top 0.001 percent,2.5406
2012,Total Income Tax Share,Top 0.001 percent,3.2544
2013,Total Income Tax Share,Top 0.001 percent,3.309
2014,Total Income Tax Share,Top 0.001 percent,3.6191
2015,Total Income Tax Share,Top 0.001 percent,3.5325
2016,Total Income Tax Share,Top 0.001 percent,3.2478
2017,Total Income Tax Share,Top 0.001 percent,3.8562
2018,Total Income Tax Share,Top 0.001 percent,3.61
2019,Total Income Tax Share,Top 0.001 percent,3.1156
2020,Total Income Tax Share,Top 0.001 percent,4.1433
2021,Total Income Tax Share,Top 0.001 percent,4.6646
2001,Total Income Tax Share,Top 0.01 percent,6.4783
2002,Total Income Tax Share,Top 0.01 percent,6.0921
2003,Total Income Tax Share,Top 0.01 percent,6.3302
2004,Total Income Tax Share,Top 0.01 percent,7.2053
2005,Total Income Tax Share,Top 0.01 percent,8.0661
2006,Total Income Tax Share,Top 0.01 percent,8.1827
2007,Total Income Tax Share,Top 0.01 percent,8.8121
2008,Total Income Tax Share,Top 0.01 percent,8.0769
2009,Total Income Tax Share,Top 0.01 percent,7.4411
2010,Total Income Tax Share,Top 0.01 percent,8.0483
2011,Total Income Tax Share,Top 0.01 percent,6.7664
2012,Total Income Tax Share,Top 0.01 percent,8.262
2013,Total Income Tax Share,Top 0.01 percent,8.188
2014,Total Income Tax Share,Top 0.01 percent,8.9704
2015,Total Income Tax Share,Top 0.01 percent,8.7488
2016,Total Income Tax Share,Top 0.01 percent,7.9996
2017,Total Income Tax Share,Top 0.01 percent,8.9317
2018,Total Income Tax Share,Top 0.01 percent,9.0781
2019,Total Income Tax Share,Top 0.01 percent,8.1599
2020,Total Income Tax Share,Top 0.01 percent,10.2141
2021,Total Income Tax Share,Top 0.01 percent,11.6109
2001,Total Income Tax Share,Top 0.1 percent,15.6775
2002,Total Income Tax Share,Top 0.1 percent,15.0946
2003,Total Income Tax Share,Top 0.1 percent,15.3665
2004,Total Income Tax Share,Top 0.1 percent,17.1195
2005,Total Income Tax Share,Top 0.1 percent,18.9067
2006,Total Income Tax Share,Top 0.1 percent,19.2425
2007,Total Income Tax Share,Top 0.1 percent,19.8437
2008,Total Income Tax Share,Top 0.1 percent,18.1982
2009,Total Income Tax Share,Top 0.1 percent,16.9117
2010,Total Income Tax Share,Top 0.1 percent,17.8829
2011,Total Income Tax Share,Top 0.1 percent,16.1353
2012,Total Income Tax Share,Top 0.1 percent,18.6007
2013,Total Income Tax Share,Top 0.1 percent,18.4772
2014,Total Income Tax Share,Top 0.1 percent,19.8509
2015,Total Income Tax Share,Top 0.1 percent,19.4989
2016,Total Income Tax Share,Top 0.1 percent,18.1243
2017,Total Income Tax Share,Top 0.1 percent,19.3445
2018,Total Income Tax Share,Top 0.1 percent,20.221
2019,Total Income Tax Share,Top 0.1 percent,18.8717
2020,Total Income Tax Share,Top 0.1 percent,22.0556
2021,Total Income Tax Share,Top 0.1 percent,24.7157
2001,Total Income Tax Share,Top 1 percent,33.2193
2002,Total Income Tax Share,Top 1 percent,33.089
2003,Total Income Tax Share,Top 1 percent,33.6877
2004,Total Income Tax Share,Top 1 percent,36.2807
2005,Total Income Tax Share,Top 1 percent,38.775
2006,Total Income Tax Share,Top 1 percent,39.3566
2007,Total Income Tax Share,Top 1 percent,39.8097
2008,Total Income Tax Share,Top 1 percent,37.5103
2009,Total Income Tax Share,Top 1 percent,36.3441
2010,Total Income Tax Share,Top 1 percent,37.3822
2011,Total Income Tax Share,Top 1 percent,35.0593
2012,Total Income Tax Share,Top 1 percent,38.0875
2013,Total Income Tax Share,Top 1 percent,37.8035
2014,Total Income Tax Share,Top 1 percent,39.4826
2015,Total Income Tax Share,Top 1 percent,39.0351
2016,Total Income Tax Share,Top 1 percent,37.3172
2017,Total Income Tax Share,Top 1 percent,38.4672
2018,Total Income Tax Share,Top 1 percent,40.081
2019,Total Income Tax Share,Top 1 percent,38.7687
2020,Total Income Tax Share,Top 1 percent,42.3125
2021,Total Income Tax Share,Top 1 percent,45.7818
2001,Total Income Tax Share,Top 2 percent,40.5411
2002,Total Income Tax Share,Top 2 percent,40.6723
2003,Total Income Tax Share,Top 2 percent,41.4315
2004,Total Income Tax Share,Top 2 percent,44.3123
2005,Total Income Tax Share,Top 2 percent,46.9524
2006,Total Income Tax Share,Top 2 percent,47.5392
2007,Total Income Tax Share,Top 2 percent,48.0406
2008,Total Income Tax Share,Top 2 percent,45.7178
2009,Total Income Tax Share,Top 2 percent,44.9142
2010,Total Income Tax Share,Top 2 percent,45.9407
2011,Total Income Tax Share,Top 2 percent,43.5154
2012,Total Income Tax Share,Top 2 percent,46.4932
2013,Total Income Tax Share,Top 2 percent,46.0898
2014,Total Income Tax Share,Top 2 percent,47.7473
2015,Total Income Tax Share,Top 2 percent,47.3166
2016,Total Income Tax Share,Top 2 percent,45.6848
2017,Total Income Tax Share,Top 2 percent,46.7708
2018,Total Income Tax Share,Top 2 percent,48.0348
2019,Total Income Tax Share,Top 2 percent,46.8686
2020,Total Income Tax Share,Top 2 percent,50.3747
2021,Total Income Tax Share,Top 2 percent,53.8103
2001,Total Income Tax Share,Top 3 percent,45.3356
2002,Total Income Tax Share,Top 3 percent,45.6204
2003,Total Income Tax Share,Top 3 percent,46.4016
2004,Total Income Tax Share,Top 3 percent,49.362
2005,Total Income Tax Share,Top 3 percent,52.0602
2006,Total Income Tax Share,Top 3 percent,52.6071
2007,Total Income Tax Share,Top 3 percent,53.09
2008,Total Income Tax Share,Top 3 percent,50.891
2009,Total Income Tax Share,Top 3 percent,50.4538
2010,Total Income Tax Share,Top 3 percent,51.4467
2011,Total Income Tax Share,Top 3 percent,48.9176
2012,Total Income Tax Share,Top 3 percent,51.7472
2013,Total Income Tax Share,Top 3 percent,51.2943
2014,Total Income Tax Share,Top 3 percent,52.9371
2015,Total Income Tax Share,Top 3 percent,52.5167
2016,Total Income Tax Share,Top 3 percent,51.0102
2017,Total Income Tax Share,Top 3 percent,52.0288
2018,Total Income Tax Share,Top 3 percent,53.1072
2019,Total Income Tax Share,Top 3 percent,52.0992
2020,Total Income Tax Share,Top 3 percent,55.5075
2021,Total Income Tax Share,Top 3 percent,58.8214
2001,Total Income Tax Share,Top 4 percent,49.0898
2002,Total Income Tax Share,Top 4 percent,49.5299
2003,Total Income Tax Share,Top 4 percent,50.2722
2004,Total Income Tax Share,Top 4 percent,53.1879
2005,Total Income Tax Share,Top 4 percent,55.8642
2006,Total Income Tax Share,Top 4 percent,56.4074
2007,Total Income Tax Share,Top 4 percent,56.8258
2008,Total Income Tax Share,Top 4 percent,54.7974
2009,Total Income Tax Share,Top 4 percent,54.6968
2010,Total Income Tax Share,Top 4 percent,55.6338
2011,Total Income Tax Share,Top 4 percent,53.0631
2012,Total Income Tax Share,Top 4 percent,55.7075
2013,Total Income Tax Share,Top 4 percent,55.2651
2014,Total Income Tax Share,Top 4 percent,56.8029
2015,Total Income Tax Share,Top 4 percent,56.4065
2016,Total Income Tax Share,Top 4 percent,55.0013
2017,Total Income Tax Share,Top 4 percent,55.9518
2018,Total Income Tax Share,Top 4 percent,57.0552
2019,Total Income Tax Share,Top 4 percent,56.128
2020,Total Income Tax Share,Top 4 percent,59.4952
2021,Total Income Tax Share,Top 4 percent,62.5887
2001,Total Income Tax Share,Top 5 percent,52.24
2002,Total Income Tax Share,Top 5 percent,52.8617
2003,Total Income Tax Share,Top 5 percent,53.5438
2004,Total Income Tax Share,Top 5 percent,56.3462
2005,Total Income Tax Share,Top 5 percent,58.9323
2006,Total Income Tax Share,Top 5 percent,59.4929
2007,Total Income Tax Share,Top 5 percent,59.9008
2008,Total Income Tax Share,Top 5 percent,58.06
2009,Total Income Tax Share,Top 5 percent,58.1681
2010,Total Income Tax Share,Top 5 percent,59.0689
2011,Total Income Tax Share,Top 5 percent,56.4918
2012,Total Income Tax Share,Top 5 percent,58.9499
2013,Total Income Tax Share,Top 5 percent,58.5466
2014,Total Income Tax Share,Top 5 percent,59.9655
2015,Total Income Tax Share,Top 5 percent,59.5772
2016,Total Income Tax Share,Top 5 percent,58.2298
2017,Total Income Tax Share,Top 5 percent,59.1363
2018,Total Income Tax Share,Top 5 percent,60.3033
2019,Total Income Tax Share,Top 5 percent,59.4446
2020,Total Income Tax Share,Top 5 percent,62.7418
2021,Total Income Tax Share,Top 5 percent,65.6433
2001,Total Income Tax Share,Top 10 percent,63.6801
2002,Total Income Tax Share,Top 10 percent,64.6269
2003,Total Income Tax Share,Top 10 percent,64.8937
2004,Total Income Tax Share,Top 10 percent,67.3031
2005,Total Income Tax Share,Top 10 percent,69.4558
2006,Total Income Tax Share,Top 10 percent,70.0785
2007,Total Income Tax Share,Top 10 percent,70.413
2008,Total Income Tax Share,Top 10 percent,69.2033
2009,Total Income Tax Share,Top 10 percent,69.8916
2010,Total Income Tax Share,Top 10 percent,70.6236
2011,Total Income Tax Share,Top 10 percent,68.2604
2012,Total Income Tax Share,Top 10 percent,70.1654
2013,Total Income Tax Share,Top 10 percent,69.7991
2014,Total Income Tax Share,Top 10 percent,70.8774
2015,Total Income Tax Share,Top 10 percent,70.5895
2016,Total Income Tax Share,Top 10 percent,69.4733
2017,Total Income Tax Share,Top 10 percent,70.0775
2018,Total Income Tax Share,Top 10 percent,71.3682
2019,Total Income Tax Share,Top 10 percent,70.8104
2020,Total Income Tax Share,Top 10 percent,73.6695
2021,Total Income Tax Share,Top 10 percent,75.8098
2001,Total Income Tax Share,Top 20 percent,77.0379
2002,Total Income Tax Share,Top 20 percent,78.1519
2003,Total Income Tax Share,Top 20 percent,78.0843
2004,Total Income Tax Share,Top 20 percent,79.5809
2005,Total Income Tax Share,Top 20 percent,81.0623
2006,Total Income Tax Share,Top 20 percent,81.5486
2007,Total Income Tax Share,Top 20 percent,81.7893
2008,Total Income Tax Share,Top 20 percent,81.4218
2009,Total Income Tax Share,Top 20 percent,82.5375
2010,Total Income Tax Share,Top 20 percent,82.9597
2011,Total Income Tax Share,Top 20 percent,81.2011
2012,Total Income Tax Share,Top 20 percent,82.3119
2013,Total Income Tax Share,Top 20 percent,82.0855
2014,Total Income Tax Share,Top 20 percent,82.7804
2015,Total Income Tax Share,Top 20 percent,82.6157
2016,Total Income Tax Share,Top 20 percent,81.8584
2017,Total Income Tax Share,Top 20 percent,82.1176
2018,Total Income Tax Share,Top 20 percent,83.2609
2019,Total Income Tax Share,Top 20 percent,82.8814
2020,Total Income Tax Share,Top 20 percent,84.9292
2021,Total Income Tax Share,Top 20 percent,86.0742
2001,Total Income Tax Share,Top 25 percent,81.5607
2002,Total Income Tax Share,Top 25 percent,82.6662
2003,Total Income Tax Share,Top 25 percent,82.7638
2004,Total Income Tax Share,Top 25 percent,83.8241
2005,Total Income Tax Share,Top 25 percent,85.065
2006,Total Income Tax Share,Top 25 percent,85.4912
2007,Total Income Tax Share,Top 25 percent,85.7081
2008,Total Income Tax Share,Top 25 percent,85.5712
2009,Total Income Tax Share,Top 25 percent,86.7439
2010,Total Income Tax Share,Top 25 percent,87.1097
2011,Total Income Tax Share,Top 25 percent,85.6169
2012,Total Income Tax Share,Top 25 percent,86.419
2013,Total Income Tax Share,Top 25 percent,86.2723
2014,Total Income Tax Share,Top 25 percent,86.7795
2015,Total Income Tax Share,Top 25 percent,86.6173
2016,Total Income Tax Share,Top 25 percent,85.9694
2017,Total Income Tax Share,Top 25 percent,86.1019
2018,Total Income Tax Share,Top 25 percent,86.9717
2019,Total Income Tax Share,Top 25 percent,86.6458
2020,Total Income Tax Share,Top 25 percent,88.5079
2021,Total Income Tax Share,Top 25 percent,89.2259
2001,Total Income Tax Share,Top 30 percent,85.3521
2002,Total Income Tax Share,Top 30 percent,86.5072
2003,Total Income Tax Share,Top 30 percent,86.6362
2004,Total Income Tax Share,Top 30 percent,87.4241
2005,Total Income Tax Share,Top 30 percent,88.3861
2006,Total Income Tax Share,Top 30 percent,88.7432
2007,Total Income Tax Share,Top 30 percent,88.9161
2008,Total Income Tax Share,Top 30 percent,88.9533
2009,Total Income Tax Share,Top 30 percent,90.0769
2010,Total Income Tax Share,Top 30 percent,90.3973
2011,Total Income Tax Share,Top 30 percent,89.1575
2012,Total Income Tax Share,Top 30 percent,89.7391
2013,Total Income Tax Share,Top 30 percent,89.6583
2014,Total Income Tax Share,Top 30 percent,89.9809
2015,Total Income Tax Share,Top 30 percent,89.8197
2016,Total Income Tax Share,Top 30 percent,89.3126
2017,Total Income Tax Share,Top 30 percent,89.325
2018,Total Income Tax Share,Top 30 percent,90.02
2019,Total Income Tax Share,Top 30 percent,89.7475
2020,Total Income Tax Share,Top 30 percent,91.3574
2021,Total Income Tax Share,Top 30 percent,91.7966
2001,Total Income Tax Share,Top 40 percent,91.2047
2002,Total Income Tax Share,Top 40 percent,92.1427
2003,Total Income Tax Share,Top 40 percent,92.3004
2004,Total Income Tax Share,Top 40 percent,92.7605
2005,Total Income Tax Share,Top 40 percent,93.3002
2006,Total Income Tax Share,Top 40 percent,93.5699
2007,Total Income Tax Share,Top 40 percent,93.6409
2008,Total Income Tax Share,Top 40 percent,93.8777
2009,Total Income Tax Share,Top 40 percent,94.8236
2010,Total Income Tax Share,Top 40 percent,94.9866
2011,Total Income Tax Share,Top 40 percent,94.1711
2012,Total Income Tax Share,Top 40 percent,94.4632
2013,Total Income Tax Share,Top 40 percent,94.4255
2014,Total Income Tax Share,Top 40 percent,94.5433
2015,Total Income Tax Share,Top 40 percent,94.413
2016,Total Income Tax Share,Top 40 percent,94.077
2017,Total Income Tax Share,Top 40 percent,94.0176
2018,Total Income Tax Share,Top 40 percent,94.4032
2019,Total Income Tax Share,Top 40 percent,94.2041
2020,Total Income Tax Share,Top 40 percent,95.3336
2021,Total Income Tax Share,Top 40 percent,95.4462
2001,Total Income Tax Share,Top 50 percent,95.102
2002,Total Income Tax Share,Top 50 percent,95.7856
2003,Total Income Tax Share,Top 50 percent,95.9289
2004,Total Income Tax Share,Top 50 percent,96.1335
2005,Total Income Tax Share,Top 50 percent,96.4117
2006,Total Income Tax Share,Top 50 percent,96.5915
2007,Total Income Tax Share,Top 50 percent,96.639
2008,Total Income Tax Share,Top 50 percent,96.9033
2009,Total Income Tax Share,Top 50 percent,97.5447
2010,Total Income Tax Share,Top 50 percent,97.644
2011,Total Income Tax Share,Top 50 percent,97.1119
2012,Total Income Tax Share,Top 50 percent,97.2223
2013,Total Income Tax Share,Top 50 percent,97.2151
2014,Total Income Tax Share,Top 50 percent,97.2539
2015,Total Income Tax Share,Top 50 percent,97.1722
2016,Total Income Tax Share,Top 50 percent,96.959
2017,Total Income Tax Share,Top 50 percent,96.8918
2018,Total Income Tax Share,Top 50 percent,97.0617
2019,Total Income Tax Share,Top 50 percent,96.9358
2020,Total Income Tax Share,Top 50 percent,97.6775
2021,Total Income Tax Share,Top 50 percent,97.6643
